module,mean,var,std,min,max,p01,p05,p50,p95,p99,zero_ratio
encoder_conv.block.0,-5.575851537287235e-05,0.026265587657690048,0.162066645728509,-0.8088802099227905,0.8114240169525146,-0.39889222383499146,-0.27938419580459595,0.00016268837498500943,0.2784362733364105,0.39556899666786194,0.0005550384521484375
encoder_conv.block.1,-5.575775867328048e-05,0.026265321299433708,0.1620658239711066,-0.808876097202301,0.8114199042320251,-0.3988901972770691,-0.2793827950954437,0.00016268756007775664,0.2784348726272583,0.39556699991226196,0.0005550384521484375
encoder_conv.block.2,0.06272853165864944,0.009139789268374443,0.09560229740113176,0.0,0.8114199042320251,0.0,0.0,0.00016268756007775664,0.2784348726272583,0.39556699991226196,0.4998331069946289
encoder_se.block.avg_pool,0.0617581307888031,0.0013262627180665731,0.03641802737747575,-0.14280936121940613,0.16923663020133972,-0.01603703945875168,0.025143379345536232,0.06097286194562912,0.10773121565580368,0.12782949209213257,0.0
encoder_se.block.fc.0,-0.02765713445842266,2.5708091925480403e-05,0.005071300811969292,-0.04273129254579544,-0.016194064170122147,-0.040683913975954056,-0.03469523787498474,-0.027327531948685646,-0.02058752253651619,-0.017558667808771133,0.0
encoder_se.block.fc.1,0.0,0.0,0.0001,0.0,0.0,0.0,0.0,0.0,0.0,0.0,1.0
encoder_se.block.fc.2,0.0,0.0,0.0001,-0.0,-0.0,0.0,0.0,0.0,0.0,0.0,1.0
encoder_se.block.fc.3,0.5,0.0,0.0001,0.5,0.5,0.5,0.5,0.5,0.5,0.5,0.0
encoder_fc,-0.0009036898845806718,0.02393357641994953,0.15470483644653626,-0.8108075857162476,0.778725802898407,-0.3619961738586426,-0.25537410378456116,-0.0007889159023761749,0.2523261606693268,0.36055788397789,0.000545501708984375
decoder_fc,0.0001399199536535889,0.008042678236961365,0.08968103610552994,-0.45660078525543213,0.4501725733280182,-0.2096286416053772,-0.14717265963554382,0.00015182048082351685,0.14757977426052094,0.20932719111442566,0.0009250640869140625
refine.0,6.490281521109864e-07,0.002660502912476659,0.051580160066411765,-0.32414108514785767,0.3057953715324402,-0.12334859371185303,-0.08483453840017319,9.130071703111753e-06,0.08482570946216583,0.12343353033065796,0.0016639232635498047
refine.1,6.490317900897935e-07,0.002660475904121995,0.051579898256219885,-0.32413944602012634,0.305793821811676,-0.12334796786308289,-0.08483410626649857,9.130026228376664e-06,0.08482527732849121,0.12343290448188782,0.0016639232635498047
refine.2,0.020321186631917953,0.000917471363209188,0.03028995482349203,0.0,0.305793821811676,0.0,0.0,9.130026228376664e-06,0.08482527732849121,0.12343290448188782,0.5007679462432861
refine.3,0.0012518446892499924,0.0004169133317191154,0.02041870053943481,-0.1089426651597023,0.13719962537288666,-0.04540538415312767,-0.03155785799026489,0.0008111544884741306,0.035562701523303986,0.05142243951559067,0.003991246223449707
refine.4,0.0012518384028226137,0.00041690911166369915,0.020418597201171756,-0.10894211381673813,0.13719892501831055,-0.045405153185129166,-0.03155769780278206,0.0008111502975225449,0.03556252270936966,0.051422178745269775,0.003991365432739258
refine.5,0.008705459535121918,0.00016062534996308386,0.012674200170546615,0.0,0.13719892501831055,0.0,0.0,0.0008111502975225449,0.03556252270936966,0.051422178745269775,0.48568272590637207
refine_se.block.avg_pool,0.008705459535121918,4.064089444000274e-05,0.006375805395399293,0.0014647142961621284,0.023754989728331566,0.0016653864877298474,0.0018038854468613863,0.005646868608891964,0.020510878413915634,0.02188161388039589,0.0
refine_se.block.fc.0,-0.0031598967034369707,3.217582644765571e-08,0.00020536753990749293,-0.0036750840954482555,-0.0026894977781921625,-0.003558920230716467,-0.003472809214144945,-0.003155954647809267,-0.002851847093552351,-0.0027183035854250193,0.0
refine_se.block.fc.1,0.0,0.0,0.0001,0.0,0.0,0.0,0.0,0.0,0.0,0.0,1.0
refine_se.block.fc.2,0.0,0.0,0.0001,0.0,0.0,0.0,0.0,0.0,0.0,0.0,1.0
refine_se.block.fc.3,0.5,0.0,0.0001,0.5,0.5,0.5,0.5,0.5,0.5,0.5,0.0
refine_out.0,0.009563431143760681,0.0001452831638744101,0.012053761399430889,-0.041771356016397476,0.07155197113752365,-0.016846880316734314,-0.00977187417447567,0.009308315813541412,0.02980857715010643,0.03850863501429558,0.004992485046386719
refine_out.1,0.009561670944094658,0.00014521075354423374,0.01205075738467229,-0.0417470782995224,0.07143011689186096,-0.016845285892486572,-0.009771563112735748,0.009308047592639923,0.029799751937389374,0.03848960995674133,0.004992485046386719
encoder_conv.block.0,-0.0022545212414115667,0.027905160561203957,0.16704840783797958,-0.7526242733001709,0.9879428744316101,-0.4057740569114685,-0.29363182187080383,-0.0006541148759424686,0.28380170464515686,0.40434929728507996,0.00048542022705078125
encoder_conv.block.1,-0.0022545098327100277,0.027904877439141273,0.1670475604106246,-0.7526204586029053,0.987937867641449,-0.40577200055122375,-0.29363033175468445,-0.0006541116163134575,0.28380027413368225,0.4043472409248352,0.00048542022705078125
encoder_conv.block.2,0.06381446123123169,0.00948308501392603,0.09738118408566425,0.0,0.987937867641449,0.0,0.0,0.0,0.28380027413368225,0.4043472409248352,0.5018415451049805
encoder_se.block.avg_pool,0.06657734513282776,0.0011385766556486487,0.033742949717661744,-0.00024013500660657883,0.24204552173614502,0.011799811385571957,0.027155959978699684,0.06527715921401978,0.11268900334835052,0.1355631947517395,0.0
encoder_se.block.fc.0,-0.02919284999370575,6.356959784170613e-05,0.007973681573884558,-0.07652760297060013,-0.017416905611753464,-0.05598185956478119,-0.037364497780799866,-0.027967020869255066,-0.020923983305692673,-0.018098484724760056,0.0
encoder_se.block.fc.1,0.0,0.0,0.0001,0.0,0.0,0.0,0.0,0.0,0.0,0.0,1.0
encoder_se.block.fc.2,0.0,0.0,0.0001,-0.0,-0.0,0.0,0.0,0.0,0.0,0.0,1.0
encoder_se.block.fc.3,0.5,0.0,0.0001,0.5,0.5,0.5,0.5,0.5,0.5,0.5,0.0
encoder_fc,-0.001572724198922515,0.02474251389503479,0.15729756480961424,-0.7279869914054871,0.6634332537651062,-0.36781632900238037,-0.26044559478759766,-0.0016823392361402512,0.2581726014614105,0.36569976806640625,0.000499725341796875
decoder_fc,7.619190000696108e-06,0.008325273171067238,0.09124298970916746,-0.46912431716918945,0.4328885078430176,-0.21337001025676727,-0.15005171298980713,6.955012213438749e-05,0.15006548166275024,0.21279379725456238,0.000873565673828125
refine.0,6.962598490645178e-06,0.002752461936324835,0.05246400610251599,-0.30323708057403564,0.306790828704834,-0.12518703937530518,-0.086238794028759,1.0473502698005177e-05,0.0863092690706253,0.12554645538330078,0.0015552043914794922
refine.1,6.96256392984651e-06,0.0027524337638169527,0.05246373760815133,-0.3032355308532715,0.3067892789840698,-0.12518639862537384,-0.08623835444450378,1.0473449947312474e-05,0.08630882948637009,0.12554581463336945,0.0015552043914794922
refine.2,0.020679917186498642,0.0009495395934209228,0.030814762589072835,0.0,0.3067892789840698,0.0,0.0,1.0473449947312474e-05,0.08630882948637009,0.12554581463336945,0.5006892681121826
refine.3,0.0012650969438254833,0.000431250489782542,0.020766812220043354,-0.11022825539112091,0.1275896281003952,-0.04615713655948639,-0.03208509832620621,0.0008200003067031503,0.03615422546863556,0.05226520448923111,0.003962874412536621
refine.4,0.001265090424567461,0.0004312461242079735,0.020766707110371964,-0.11022769659757614,0.12758898735046387,-0.046156901866197586,-0.032084934413433075,0.0008199962321668863,0.036154042929410934,0.05226493999361992,0.003962874412536621
refine.5,0.00885152630507946,0.00016603538824710995,0.012885860011932069,0.0,0.12758898735046387,0.0,0.0,0.0008199962321668863,0.036154042929410934,0.05226493999361992,0.48587846755981445
refine_se.block.avg_pool,0.00885152630507946,4.198328315396793e-05,0.006480222461765332,0.0016511378344148397,0.023831862956285477,0.0017046795692294836,0.0018328323494642973,0.005975870881229639,0.0207881610840559,0.02227519452571869,0.0
refine_se.block.fc.0,-0.003228346351534128,2.098249751725234e-08,0.00017601845788795087,-0.003645428689196706,-0.0028699084650725126,-0.00357232429087162,-0.0034841003362089396,-0.003216300392523408,-0.0029976600781083107,-0.002976799150928855,0.0
refine_se.block.fc.1,0.0,0.0,0.0001,0.0,0.0,0.0,0.0,0.0,0.0,0.0,1.0
refine_se.block.fc.2,0.0,0.0,0.0001,0.0,0.0,0.0,0.0,0.0,0.0,0.0,1.0
refine_se.block.fc.3,0.5,0.0,0.0001,0.5,0.5,0.5,0.5,0.5,0.5,0.5,0.0
refine_out.0,0.009724492207169533,0.00015008216723799706,0.012251210847830391,-0.04297855496406555,0.07236890494823456,-0.017070457339286804,-0.009916005656123161,0.009446426294744015,0.03029869869351387,0.03910692781209946,0.0048427581787109375
refine_out.1,0.009722644463181496,0.00015000507119111717,0.012248063977262576,-0.04295211285352707,0.07224283367395401,-0.01706879958510399,-0.009915681555867195,0.00944614503532648,0.030289430171251297,0.03908700495958328,0.0048427581787109375
encoder_conv.block.0,-0.002666898537427187,0.027456630021333694,0.1657004526889824,-0.7250905632972717,0.8636729121208191,-0.4026886820793152,-0.29239583015441895,-0.00112546153832227,0.2803066372871399,0.3977581858634949,0.0005130767822265625
encoder_conv.block.1,-0.0026668852660804987,0.02745634876191616,0.1656996039884108,-0.7250868678092957,0.8636685609817505,-0.4026866555213928,-0.29239434003829956,-0.0011254558339715004,0.2803052067756653,0.3977561593055725,0.0005130767822265625
encoder_conv.block.2,0.06325847655534744,0.009233432821929455,0.09609080508523932,0.0,0.8636685609817505,0.0,0.0,0.0,0.2803052067756653,0.3977561593055725,0.5030307769775391
encoder_se.block.avg_pool,0.06661900132894516,0.0011174309765920043,0.03342814647257614,0.003680190071463585,0.25306421518325806,0.013688050210475922,0.026880573481321335,0.07174384593963623,0.11496583372354507,0.13150924444198608,0.0
encoder_se.block.fc.0,-0.028940917924046516,6.667253182968125e-05,0.008165937290334848,-0.08004960417747498,-0.019050421193242073,-0.05566764250397682,-0.03722181171178818,-0.026624225080013275,-0.02242087945342064,-0.019793221727013588,0.0
encoder_se.block.fc.1,0.0,0.0,0.0001,0.0,0.0,0.0,0.0,0.0,0.0,0.0,1.0
encoder_se.block.fc.2,0.0,0.0,0.0001,-0.0,-0.0,0.0,0.0,0.0,0.0,0.0,1.0
encoder_se.block.fc.3,0.5,0.0,0.0001,0.5,0.5,0.5,0.5,0.5,0.5,0.5,0.0
encoder_fc,-0.001643959665670991,0.024522101506590843,0.15659537511239227,-0.684848427772522,0.7363265156745911,-0.36553335189819336,-0.25921979546546936,-0.0019655097275972366,0.2551407217979431,0.3648875653743744,0.000507354736328125
decoder_fc,8.847226854413748e-05,0.008251961320638657,0.09084036173771358,-0.48049986362457275,0.4597700834274292,-0.21235287189483643,-0.14934857189655304,0.00019713817164301872,0.14940480887889862,0.2120295763015747,0.0008754730224609375
refine.0,1.3095450412947685e-05,0.002726527163758874,0.05221625382731773,-0.32673799991607666,0.3006956875324249,-0.12490566819906235,-0.08581338077783585,-1.5807210047569242e-06,0.08591517806053162,0.12517566978931427,0.0015897750854492188
refine.1,1.309538674831856e-05,0.0027264996897429228,0.052215990747499205,-0.32673633098602295,0.30069416761398315,-0.12490503489971161,-0.08581294864416122,-1.580712932991446e-06,0.085914745926857,0.12517502903938293,0.0015897750854492188
refine.2,0.020573345944285393,0.0009410490747541189,0.030676686176217258,0.0,0.30069416761398315,0.0,0.0,0.0,0.085914745926857,0.12517502903938293,0.5008082389831543
refine.3,0.0012644515372812748,0.0004275831743143499,0.020678326197116386,-0.11519942432641983,0.15341779589653015,-0.04599364846944809,-0.03198583051562309,0.0008262781193479896,0.035994067788124084,0.05208928510546684,0.003954648971557617
refine.4,0.0012644450180232525,0.0004275788087397814,0.02067822063766081,-0.11519884318113327,0.15341702103614807,-0.045993413776159286,-0.03198566660284996,0.0008262739283964038,0.03599388524889946,0.05208902060985565,0.003954768180847168
refine.5,0.008812496438622475,0.00016466659144498408,0.012832637743074651,0.0,0.15341702103614807,0.0,0.0,0.0008262739283964038,0.03599388524889946,0.05208902060985565,0.48550093173980713
refine_se.block.avg_pool,0.008812496438622475,4.162777986493893e-05,0.006452734293688136,0.0013189922319725156,0.023597825318574905,0.001701838686130941,0.0018261346267536283,0.005464423913508654,0.020791510120034218,0.022224975749850273,0.0
refine_se.block.fc.0,-0.0032078672666102648,3.338815446340959e-08,0.00020829823442220912,-0.0036260795313864946,-0.0023889094591140747,-0.0036037610843777657,-0.0034705179277807474,-0.00321487570181489,-0.002965111518278718,-0.002583386143669486,0.0
refine_se.block.fc.1,0.0,0.0,0.0001,0.0,0.0,0.0,0.0,0.0,0.0,0.0,1.0
refine_se.block.fc.2,0.0,0.0,0.0001,0.0,0.0,0.0,0.0,0.0,0.0,0.0,1.0
refine_se.block.fc.3,0.5,0.0,0.0001,0.5,0.5,0.5,0.5,0.5,0.5,0.5,0.0
refine_out.0,0.009676223620772362,0.00014905947318766266,0.012209401016743723,-0.04277799651026726,0.07125385850667953,-0.016970591619610786,-0.009896846488118172,0.009388584643602371,0.030223265290260315,0.03907153010368347,0.0048828125
refine_out.1,0.009674393571913242,0.00014898314839228988,0.012206274959720098,-0.04275192320346832,0.07113351672887802,-0.01696896180510521,-0.009896524250507355,0.009388308972120285,0.030214067548513412,0.039051659405231476,0.0048828125
encoder_conv.block.0,-0.004437065217643976,0.026546990498900414,0.1629325028927636,-0.7514405250549316,0.779229998588562,-0.40630602836608887,-0.2910084128379822,-0.0025034109130501747,0.2705881595611572,0.3935995101928711,0.0005750656127929688
encoder_conv.block.1,-0.004437043331563473,0.026546722277998924,0.16293167978634152,-0.751436710357666,0.7792260646820068,-0.4063039720058441,-0.29100698232650757,-0.0025033983401954174,0.2705867886543274,0.3935975134372711,0.0005750656127929688
encoder_conv.block.2,0.06091003492474556,0.008783695288002491,0.09372142384749867,0.0,0.7792260646820068,0.0,0.0,0.0,0.2705867886543274,0.3935975134372711,0.5068292617797852
encoder_se.block.avg_pool,0.06731374561786652,0.001236087060533464,0.03515817203060284,0.006359510123729706,0.2396349310874939,0.011143292300403118,0.02883940376341343,0.07118463516235352,0.11836554110050201,0.1678520143032074,0.0
encoder_se.block.fc.0,-0.028276540338993073,2.961990139738191e-05,0.005443335502922993,-0.04391712695360184,-0.013367054052650928,-0.04199162498116493,-0.037521734833717346,-0.02689724788069725,-0.021888427436351776,-0.018300626426935196,0.0
encoder_se.block.fc.1,0.0,0.0,0.0001,0.0,0.0,0.0,0.0,0.0,0.0,0.0,1.0
encoder_se.block.fc.2,0.0,0.0,0.0001,-0.0,-0.0,0.0,0.0,0.0,0.0,0.0,1.0
encoder_se.block.fc.3,0.5,0.0,0.0001,0.5,0.5,0.5,0.5,0.5,0.5,0.5,0.0
encoder_fc,-0.0012777837691828609,0.0244463924318552,0.15635345353350916,-0.7281181812286377,0.7016779184341431,-0.3663083612918854,-0.2576761543750763,-0.001228518784046173,0.2556125521659851,0.3633413016796112,0.000431060791015625
decoder_fc,-0.00015404056466650218,0.008228364400565624,0.09071038750091207,-0.44411173462867737,0.44648903608322144,-0.21245840191841125,-0.149601548910141,-9.464425966143608e-05,0.14872150123119354,0.2119407206773758,0.0008869171142578125
refine.0,1.476675970479846e-05,0.0027193601708859205,0.052147580681043304,-0.32482901215553284,0.3136387765407562,-0.12471449375152588,-0.08577275276184082,2.4982031391118653e-05,0.08577500283718109,0.12486187368631363,0.0015838146209716797
refine.1,1.4766679669264704e-05,0.0027193326968699694,0.05214731725477322,-0.3248273730278015,0.3136371970176697,-0.12471386045217514,-0.0857723206281662,2.4981904061860405e-05,0.08577457070350647,0.12486124038696289,0.0015838146209716797
refine.2,0.02055535279214382,0.0009377482929266989,0.030622839400138893,0.0,0.3136371970176697,0.0,0.0,2.4981904061860405e-05,0.08577457070350647,0.12486124038696289,0.5006067752838135
refine.3,0.0012570484541356564,0.00042571095400489867,0.020633006421869274,-0.1168995052576065,0.13715820014476776,-0.0458996519446373,-0.031895846128463745,0.0008088438771665096,0.03592192381620407,0.05198536440730095,0.003999829292297363
refine.4,0.0012570422841235995,0.0004257066175341606,0.02063290133583158,-0.11689891666173935,0.13715749979019165,-0.045899420976638794,-0.03189568594098091,0.0008088398026302457,0.03592173755168915,0.05198509991168976,0.003999829292297363
refine.5,0.008790930733084679,0.00016399877495132387,0.01280659107457265,0.0,0.13715749979019165,0.0,0.0,0.0008088398026302457,0.03592173755168915,0.05198509991168976,0.4858524799346924
refine_se.block.avg_pool,0.008790930733084679,4.151094617554918e-05,0.006443674896792139,0.0015649173874408007,0.0246698260307312,0.0016728183254599571,0.0018137270817533135,0.005864370614290237,0.020651042461395264,0.022263286635279655,0.0
refine_se.block.fc.0,-0.003198743797838688,3.107217594333633e-08,0.00020266271473395477,-0.0037392498925328255,-0.0026810853742063046,-0.003609108505770564,-0.003504824824631214,-0.003207047935575247,-0.002914935816079378,-0.002836494939401746,0.0
refine_se.block.fc.1,0.0,0.0,0.0001,0.0,0.0,0.0,0.0,0.0,0.0,0.0,1.0
refine_se.block.fc.2,0.0,0.0,0.0001,0.0,0.0,0.0,0.0,0.0,0.0,0.0,1.0
refine_se.block.fc.3,0.5,0.0,0.0001,0.5,0.5,0.5,0.5,0.5,0.5,0.5,0.0
refine_out.0,0.009652845561504364,0.00014839661889709532,0.012182225531367219,-0.048725374042987823,0.07197657972574234,-0.017030559480190277,-0.009916529059410095,0.009392758831381798,0.030149197205901146,0.03886552155017853,0.004752159118652344
refine_out.1,0.009651032276451588,0.00014832110900897533,0.012179125954229035,-0.04868685081601143,0.07185254245996475,-0.017028912901878357,-0.009916204027831554,0.009392481297254562,0.030140066519379616,0.0388459637761116,0.004752159118652344
encoder_conv.block.0,-0.0003143119683954865,0.027978450059890747,0.16726763004206985,-0.8096892833709717,0.8665453791618347,-0.4089779853820801,-0.2918514311313629,-0.0006061854073777795,0.2882755398750305,0.41191309690475464,0.0005016326904296875
encoder_conv.block.1,-0.0003143104841001332,0.027978165075182915,0.16726677815747787,-0.8096851706504822,0.8665409684181213,-0.40897589921951294,-0.29184994101524353,-0.0006061823223717511,0.2882740795612335,0.4119110107421875,0.0005016326904296875
encoder_conv.block.2,0.0643090009689331,0.009819304570555687,0.09909245466005819,0.0,0.8665409684181213,0.0,0.0,0.0,0.2882740795612335,0.4119110107421875,0.5018520355224609
encoder_se.block.avg_pool,0.06509073078632355,0.0009683331591077149,0.031118212659272622,-0.013540741056203842,0.1418420374393463,-0.003413994563743472,0.022123757749795914,0.06817368417978287,0.11459127068519592,0.12504804134368896,0.0
encoder_se.block.fc.0,-0.028026331216096878,2.4512863092240877e-05,0.004952056450833419,-0.040127769112586975,-0.018079198896884918,-0.03783291205763817,-0.03591347485780716,-0.026485959067940712,-0.02121818996965885,-0.019170518964529037,0.0
encoder_se.block.fc.1,0.0,0.0,0.0001,0.0,0.0,0.0,0.0,0.0,0.0,0.0,1.0
encoder_se.block.fc.2,0.0,0.0,0.0001,-0.0,-0.0,0.0,0.0,0.0,0.0,0.0,1.0
encoder_se.block.fc.3,0.5,0.0,0.0001,0.5,0.5,0.5,0.5,0.5,0.5,0.5,0.0
encoder_fc,-0.0011644121259450912,0.02426111325621605,0.15575982555272733,-0.6987594962120056,0.736090898513794,-0.36329662799835205,-0.2566990256309509,-0.0012959078885614872,0.2549128830432892,0.3613561689853668,0.000453948974609375
decoder_fc,-8.329810225404799e-05,0.008159772492945194,0.09033151439528286,-0.46063557267189026,0.40957462787628174,-0.21098478138446808,-0.1488395780324936,-3.2864511013031006e-05,0.14836737513542175,0.21024195849895477,0.0009164810180664062
refine.0,1.0963222848658916e-05,0.002698232652619481,0.05194461139155322,-0.3014715015888214,0.301242858171463,-0.12413781881332397,-0.08538743108510971,-3.5279895200801548e-06,0.08549555391073227,0.12431679666042328,0.0016226768493652344
refine.1,1.0963178283418529e-05,0.0026982054114341736,0.05194434917711621,-0.30146998167037964,0.30124133825302124,-0.12413719296455383,-0.08538699895143509,-3.5279715575597947e-06,0.08549512177705765,0.12431616336107254,0.0016226768493652344
refine.2,0.020471980795264244,0.0009309156448580325,0.03051107413477986,0.0,0.30124133825302124,0.0,0.0,0.0,0.08549512177705765,0.12431616336107254,0.5008339881896973
refine.3,0.0012516926508396864,0.0004228574107401073,0.020563740193362375,-0.11955304443836212,0.12516678869724274,-0.04568322002887726,-0.03179705888032913,0.0008081848500296474,0.03581855818629265,0.05176089331507683,0.0040160417556762695
refine.4,0.0012516863644123077,0.00042285313247703016,0.020563636168660204,-0.11955244094133377,0.1251661479473114,-0.045682989060878754,-0.0317968986928463,0.0008081807754933834,0.035818375647068024,0.051760632544755936,0.0040160417556762695
refine.5,0.008764322847127914,0.00016279642295558006,0.012759562020523276,0.0,0.1251661479473114,0.0,0.0,0.0008081807754933834,0.035818375647068024,0.051760632544755936,0.4857879877090454
refine_se.block.avg_pool,0.008764322847127914,4.108207576791756e-05,0.006410310114800809,0.0016117977211251855,0.02395479381084442,0.0016717070247977972,0.0018201550701633096,0.005905458703637123,0.020434994250535965,0.021997855976223946,0.0
refine_se.block.fc.0,-0.0031900459434837103,2.3426595774367343e-08,0.00018282941714715205,-0.0036628542002290487,-0.002733062719926238,-0.0035326930228620768,-0.003446542890742421,-0.003177918028086424,-0.002965162042528391,-0.002859161701053381,0.0
refine_se.block.fc.1,0.0,0.0,0.0001,0.0,0.0,0.0,0.0,0.0,0.0,0.0,1.0
refine_se.block.fc.2,0.0,0.0,0.0001,0.0,0.0,0.0,0.0,0.0,0.0,0.0,1.0
refine_se.block.fc.3,0.5,0.0,0.0001,0.5,0.5,0.5,0.5,0.5,0.5,0.5,0.0
refine_out.0,0.009630078449845314,0.0001473905867896974,0.012140864334539671,-0.04084239527583122,0.07641226053237915,-0.01689300872385502,-0.009845223277807236,0.00937911868095398,0.030037445947527885,0.03873286023736,0.0049495697021484375
refine_out.1,0.009628280997276306,0.0001473162992624566,0.012137804548700584,-0.04081970080733299,0.07626388967037201,-0.016891401261091232,-0.009844904765486717,0.009378844872117043,0.030028415843844414,0.03871350362896919,0.0049495697021484375
encoder_conv.block.0,0.0004574937920551747,0.026612896472215652,0.16313462683383823,-0.7702283263206482,0.7828729152679443,-0.4067022502422333,-0.28037554025650024,0.0007545968983322382,0.28015175461769104,0.4084654152393341,0.00054931640625
encoder_conv.block.1,0.00045749140554107726,0.026612626388669014,0.16313379903830175,-0.7702244520187378,0.7828689217567444,-0.4067001938819885,-0.28037410974502563,0.0007545930566266179,0.28015032410621643,0.40846335887908936,0.00054931640625
encoder_conv.block.2,0.06293793022632599,0.009390357881784439,0.09690391055981404,0.0,0.7828689217567444,0.0,0.0,0.0007545930566266179,0.28015032410621643,0.40846335887908936,0.49814510345458984
encoder_se.block.avg_pool,0.0620279535651207,0.0009008055785670877,0.03001358989802932,-0.04989822208881378,0.12467151880264282,0.01688966155052185,0.028973983600735664,0.05460129678249359,0.11248607933521271,0.12385102361440659,0.0
encoder_se.block.fc.0,-0.02744847536087036,2.754468732746318e-05,0.005249255883214609,-0.03912453353404999,-0.014250642620027065,-0.03900380805134773,-0.03606165945529938,-0.02599387988448143,-0.020899862051010132,-0.01663491688668728,0.0
encoder_se.block.fc.1,0.0,0.0,0.0001,0.0,0.0,0.0,0.0,0.0,0.0,0.0,1.0
encoder_se.block.fc.2,0.0,0.0,0.0001,-0.0,-0.0,0.0,0.0,0.0,0.0,0.0,1.0
encoder_se.block.fc.3,0.5,0.0,0.0001,0.5,0.5,0.5,0.5,0.5,0.5,0.5,0.0
encoder_fc,-0.0014802711084485054,0.024006804451346397,0.15494132583447967,-0.7312778234481812,0.7215447425842285,-0.3620149493217468,-0.2566756308078766,-0.0013645989820361137,0.25332602858543396,0.3592385947704315,0.000522613525390625
decoder_fc,-0.00013134740584064275,0.00809357687830925,0.08996436449122092,-0.4229690730571747,0.45329198241233826,-0.20996783673763275,-0.1481749564409256,-8.628051728010178e-05,0.1479746401309967,0.2096090018749237,0.0008611679077148438
refine.0,1.973924008780159e-05,0.0026729151140898466,0.05170033959356405,-0.3036854863166809,0.30853548645973206,-0.12368623167276382,-0.08504420518875122,5.8477908169152215e-06,0.08508972078561783,0.12374181300401688,0.0016140937805175781
refine.1,1.9739134586416185e-05,0.0026728881057351828,0.05170007839196361,-0.30368393659591675,0.3085339367389679,-0.12368560582399368,-0.0850437730550766,5.847761713084765e-06,0.0850892886519432,0.12374118715524673,0.0016140937805175781
refine.2,0.02038121409714222,0.0009221118525601923,0.03036645933526318,0.0,0.3085339367389679,0.0,0.0,5.847761713084765e-06,0.0850892886519432,0.12374118715524673,0.5007617473602295
refine.3,0.001251918962225318,0.00041869908454827964,0.020462382181659095,-0.10903281718492508,0.13156969845294952,-0.045483607798814774,-0.03161220625042915,0.0008035714854486287,0.0356593057513237,0.051520537585020065,0.004033327102661133
refine.4,0.0012519123265519738,0.0004186948062852025,0.02046227764168013,-0.10903226584196091,0.1315690279006958,-0.04548337683081627,-0.03161204606294632,0.0008035674109123647,0.035659126937389374,0.05152027681469917,0.004033327102661133
refine.5,0.00872426014393568,0.00016131065785884857,0.012701206944965843,0.0,0.1315690279006958,0.0,0.0,0.0008035674109123647,0.035659126937389374,0.05152027681469917,0.48589229583740234
refine_se.block.avg_pool,0.008724259212613106,4.06609324272722e-05,0.0063773766101173765,0.0015913057141005993,0.0232029240578413,0.0016837511211633682,0.0018115525599569082,0.005841485224664211,0.020548099651932716,0.021893292665481567,0.0
refine_se.block.fc.0,-0.0031727617606520653,2.475400862067545e-08,0.00018642427047108284,-0.0035953230690211058,-0.002747613238170743,-0.0035359037574380636,-0.003422446083277464,-0.003172550117596984,-0.0029334614519029856,-0.0028110172133892775,0.0
refine_se.block.fc.1,0.0,0.0,0.0001,0.0,0.0,0.0,0.0,0.0,0.0,0.0,1.0
refine_se.block.fc.2,0.0,0.0,0.0001,0.0,0.0,0.0,0.0,0.0,0.0,0.0,1.0
refine_se.block.fc.3,0.5,0.0,0.0001,0.5,0.5,0.5,0.5,0.5,0.5,0.5,0.0
refine_out.0,0.009584708139300346,0.00014582859876099974,0.01207636529594065,-0.04387132078409195,0.07378830015659332,-0.01690741628408432,-0.009818876162171364,0.009339727461338043,0.02983558550477028,0.03853265941143036,0.00496673583984375
refine_out.1,0.009582940489053726,0.00014575585373677313,0.012073353044484914,-0.04384319484233856,0.0736546739935875,-0.016905805096030235,-0.00981856044381857,0.009339455515146255,0.029826737940311432,0.03851360082626343,0.00496673583984375
encoder_conv.block.0,0.0005936038214713335,0.027016907930374146,0.1643682388126555,-0.828624963760376,0.786318302154541,-0.4090757369995117,-0.28311020135879517,0.0006536877481266856,0.2825253903865814,0.39959976077079773,0.00052642822265625
encoder_conv.block.1,0.0005936006782576442,0.02701663412153721,0.16436740589769375,-0.8286207914352417,0.7863143086433411,-0.4090736508369446,-0.28310877084732056,0.0006536844884976745,0.2825239598751068,0.39959773421287537,0.00052642822265625
encoder_conv.block.2,0.0638103187084198,0.009437482804059982,0.09714675910219539,0.0,0.7863143086433411,0.0,0.0,0.0006536844884976745,0.2825239598751068,0.39959773421287537,0.49854564666748047
encoder_se.block.avg_pool,0.0626610666513443,0.0008463413105346262,0.029092117670163276,-0.0201871320605278,0.12370425462722778,0.0022624896373599768,0.02924002893269062,0.06064751744270325,0.10619506984949112,0.11602740734815598,0.0
encoder_se.block.fc.0,-0.027638662606477737,2.108257103827782e-05,0.0045926649168296415,-0.038974203169345856,-0.01465904526412487,-0.03727284073829651,-0.03504004701972008,-0.027078785002231598,-0.020864810794591904,-0.017970260232686996,0.0
encoder_se.block.fc.1,0.0,0.0,0.0001,0.0,0.0,0.0,0.0,0.0,0.0,0.0,1.0
encoder_se.block.fc.2,0.0,0.0,0.0001,-0.0,-0.0,0.0,0.0,0.0,0.0,0.0,1.0
encoder_se.block.fc.3,0.5,0.0,0.0001,0.5,0.5,0.5,0.5,0.5,0.5,0.5,0.0
encoder_fc,-0.0009234307799488306,0.02417268417775631,0.1554757028533922,-0.735226571559906,0.7051085233688354,-0.3636825978755951,-0.2571357786655426,-0.0012988094240427017,0.2552137076854706,0.36115697026252747,0.000568389892578125
decoder_fc,9.557626617606729e-05,0.008142640814185143,0.09023663787057418,-0.43608957529067993,0.4518158733844757,-0.21086984872817993,-0.14834360778331757,0.0001875152811408043,0.14837677776813507,0.20976072549819946,0.0008907318115234375
refine.0,5.534380761673674e-06,0.002694379538297653,0.051907509459592195,-0.29742762446403503,0.30132347345352173,-0.12416347861289978,-0.08529852330684662,-3.326047954033129e-05,0.08537842333316803,0.12441462278366089,0.0015900135040283203
refine.1,5.534355295822024e-06,0.0026943522971123457,0.05190724705773121,-0.29742610454559326,0.30132195353507996,-0.12416285276412964,-0.085298091173172,-3.326031219330616e-05,0.08537799119949341,0.12441398948431015,0.0015902519226074219
refine.2,0.02045009657740593,0.0009300425881519914,0.030496763568483645,0.0,0.30132195353507996,0.0,0.0,0.0,0.08537799119949341,0.12441398948431015,0.5010557174682617
refine.3,0.0012533911503851414,0.0004224571166560054,0.02055400488119056,-0.10741014033555984,0.12419046461582184,-0.04572153836488724,-0.03176681324839592,0.0008153107482939959,0.03577693551778793,0.05177004262804985,0.0040130615234375
refine.4,0.001253384631127119,0.00042245283839292824,0.020553900807217307,-0.10740959644317627,0.1241898387670517,-0.04572130739688873,-0.031766653060913086,0.0008153066737577319,0.03577675297856331,0.05176978185772896,0.0040130615234375
refine.5,0.00875956192612648,0.00016267347382381558,0.012754743189253777,0.0,0.1241898387670517,0.0,0.0,0.0008153066737577319,0.03577675297856331,0.05176978185772896,0.4857364892959595
refine_se.block.avg_pool,0.008759560994803905,4.114381954423152e-05,0.006415124281277138,0.001526989508420229,0.02330491691827774,0.0016717968974262476,0.0018239469500258565,0.00566120445728302,0.020540334284305573,0.02222285233438015,0.0
refine_se.block.fc.0,-0.0031855800189077854,2.8838652355034355e-08,0.00019707524541411677,-0.0036168291699141264,-0.0025953601580113173,-0.0035156384110450745,-0.0034432855900377035,-0.003184887347742915,-0.0029079646337777376,-0.0027500083670020103,0.0
refine_se.block.fc.1,0.0,0.0,0.0001,0.0,0.0,0.0,0.0,0.0,0.0,0.0,1.0
refine_se.block.fc.2,0.0,0.0,0.0001,0.0,0.0,0.0,0.0,0.0,0.0,0.0,1.0
refine_se.block.fc.3,0.5,0.0,0.0001,0.5,0.5,0.5,0.5,0.5,0.5,0.5,0.0
refine_out.0,0.009621788747608662,0.00014721414481755346,0.012133595708509224,-0.041387077420949936,0.07309883832931519,-0.016927313059568405,-0.00984141044318676,0.00934990681707859,0.030009616166353226,0.038779813796281815,0.00484466552734375
refine_out.1,0.009619994089007378,0.00014713975542690605,0.012130529890606843,-0.041363462805747986,0.07296891510486603,-0.016925696283578873,-0.009841091930866241,0.009349633939564228,0.030000610277056694,0.038760386407375336,0.00484466552734375
encoder_conv.block.0,0.0017532656202092767,0.026701105758547783,0.16340476051372488,-0.7668279409408569,0.8199752569198608,-0.3938840329647064,-0.2793049216270447,0.0015149894170463085,0.2835707664489746,0.39507609605789185,0.00048732757568359375
encoder_conv.block.1,0.001753256656229496,0.026700835675001144,0.1634039340866711,-0.7668240666389465,0.8199710845947266,-0.39388203620910645,-0.27930349111557007,0.001514981733635068,0.2835693359375,0.39507409930229187,0.00048732757568359375
encoder_conv.block.2,0.06485530734062195,0.009380444884300232,0.09685274846022818,0.0,0.8199710845947266,0.0,0.0,0.001514981733635068,0.2835693359375,0.39507409930229187,0.4965782165527344
encoder_se.block.avg_pool,0.062074724584817886,0.0009288373403251171,0.030476996904634766,-0.032239317893981934,0.12680737674236298,-0.004260127432644367,0.022087737917900085,0.06161220371723175,0.10868807137012482,0.12209618836641312,0.0
encoder_se.block.fc.0,-0.027563275769352913,2.468473212502431e-05,0.004969379450698479,-0.039922427386045456,-0.015984073281288147,-0.03894195705652237,-0.03478950262069702,-0.027685143053531647,-0.021167535334825516,-0.016380464658141136,0.0
encoder_se.block.fc.1,0.0,0.0,0.0001,0.0,0.0,0.0,0.0,0.0,0.0,0.0,1.0
encoder_se.block.fc.2,0.0,0.0,0.0001,-0.0,-0.0,0.0,0.0,0.0,0.0,0.0,1.0
encoder_se.block.fc.3,0.5,0.0,0.0001,0.5,0.5,0.5,0.5,0.5,0.5,0.5,0.0
encoder_fc,-0.0015146085061132908,0.023798758164048195,0.15426849375050045,-0.7011637091636658,0.7276986241340637,-0.36074206233024597,-0.2550835609436035,-0.0016971565783023834,0.2523813545703888,0.3567005395889282,0.000499725341796875
decoder_fc,7.493664452340454e-05,0.008023246191442013,0.0895726308167959,-0.4741364121437073,0.43726471066474915,-0.20916704833507538,-0.14724379777908325,9.027204941958189e-05,0.14724384248256683,0.20845039188861847,0.0008831024169921875
refine.0,4.808271114598028e-06,0.002651117742061615,0.05148910313902948,-0.27874448895454407,0.3075636923313141,-0.12308746576309204,-0.08466736972332001,1.1156221262353938e-05,0.08473216742277145,0.12323175370693207,0.0016756057739257812
refine.1,4.8082347348099574e-06,0.002651090733706951,0.0514888408658318,-0.27874308824539185,0.3075621426105499,-0.1230868399143219,-0.08466693758964539,1.1156164873682428e-05,0.08473173528909683,0.12323112785816193,0.0016756057739257812
refine.2,0.02028299868106842,0.0009147156961262226,0.030244432481470414,0.0,0.3075621426105499,0.0,0.0,1.1156164873682428e-05,0.08473173528909683,0.12323112785816193,0.5007357597351074
refine.3,0.001245387364178896,0.00041538194636814296,0.02038116646240207,-0.10774567723274231,0.13130801916122437,-0.04534641653299332,-0.03149741515517235,0.0008097578538581729,0.03548222780227661,0.05135514959692955,0.004006862640380859
refine.4,0.001245381310582161,0.00041537772631272674,0.020381062933829696,-0.10774513334035873,0.13130734860897064,-0.04534618556499481,-0.031497254967689514,0.000809753779321909,0.035482048988342285,0.05135488882660866,0.00400698184967041
refine.5,0.00868605263531208,0.00015998735034372658,0.012649005903379387,0.0,0.13130734860897064,0.0,0.0,0.000809753779321909,0.035482048988342285,0.05135488882660866,0.4856621026992798
refine_se.block.avg_pool,0.00868605263531208,4.0455852285958827e-05,0.006361277567121154,0.0014601201983168721,0.02359764277935028,0.0016653542406857014,0.001798522425815463,0.005580625496804714,0.02042248658835888,0.021881042048335075,0.0
refine_se.block.fc.0,-0.0031621395610272884,3.0085967495097066e-08,0.00020021480338650553,-0.0036713394802063704,-0.0025661946274340153,-0.0035574506036937237,-0.003441225504502654,-0.0031609931029379368,-0.0028681582771241665,-0.002699114615097642,0.0
refine_se.block.fc.1,0.0,0.0,0.0001,0.0,0.0,0.0,0.0,0.0,0.0,0.0,1.0
refine_se.block.fc.2,0.0,0.0,0.0001,0.0,0.0,0.0,0.0,0.0,0.0,0.0,1.0
refine_se.block.fc.3,0.5,0.0,0.0001,0.5,0.5,0.5,0.5,0.5,0.5,0.5,0.0
refine_out.0,0.00954969972372055,0.00014468205336015671,0.012028800994286867,-0.040204282850027084,0.07936146855354309,-0.016750048846006393,-0.00973881408572197,0.009269816800951958,0.029769327491521835,0.03847147151827812,0.005035400390625
refine_out.1,0.009547946974635124,0.00014461010869126767,0.012025810105405276,-0.04018263518810272,0.07919527590274811,-0.01674848236143589,-0.009738504886627197,0.009269552305340767,0.029760535806417465,0.038452502340078354,0.005035400390625
encoder_conv.block.0,0.0011320954654365778,0.026441169902682304,0.16260744110489625,-0.8236677646636963,0.8511080741882324,-0.394070029258728,-0.27695122361183167,0.0007838255260139704,0.28061413764953613,0.40043824911117554,0.0005130767822265625
encoder_conv.block.1,0.0011320897610858083,0.026440905407071114,0.16260662780794366,-0.823663592338562,0.8511037826538086,-0.39406803250312805,-0.27694982290267944,0.0007838215678930283,0.2806127071380615,0.4004362225532532,0.0005130767822265625
encoder_conv.block.2,0.06382808089256287,0.009363914839923382,0.096767374873577,0.0,0.8511037826538086,0.0,0.0,0.0007838215678930283,0.2806127071380615,0.4004362225532532,0.49826812744140625
encoder_se.block.avg_pool,0.06268663704395294,0.0007869750843383372,0.02805325443399281,-0.05520341545343399,0.1109943687915802,0.023382408544421196,0.03042222559452057,0.05858554318547249,0.1067667156457901,0.10987263917922974,0.0
encoder_se.block.fc.0,-0.026848958805203438,2.184264849347528e-05,0.004674681646216701,-0.03563518822193146,-0.0142103536054492,-0.03507436439394951,-0.03381819650530815,-0.026626702398061752,-0.02070539817214012,-0.015210608020424843,0.0
encoder_se.block.fc.1,0.0,0.0,0.0001,0.0,0.0,0.0,0.0,0.0,0.0,0.0,1.0
encoder_se.block.fc.2,0.0,0.0,0.0001,-0.0,-0.0,0.0,0.0,0.0,0.0,0.0,1.0
encoder_se.block.fc.3,0.5,0.0,0.0001,0.5,0.5,0.5,0.5,0.5,0.5,0.5,0.0
encoder_fc,-0.0016405952628701925,0.023796716704964638,0.15426187703047256,-0.7269729375839233,0.6728668212890625,-0.3602222502231598,-0.2553884983062744,-0.0017317872261628509,0.2517222464084625,0.35951298475265503,0.000492095947265625
decoder_fc,2.764592136372812e-05,0.008019224740564823,0.08955018001413968,-0.4427829086780548,0.47434869408607483,-0.2087693065404892,-0.14736506342887878,8.963048458099365e-05,0.14741775393486023,0.20857293903827667,0.0009021759033203125
refine.0,1.4100596672506072e-05,0.0026529289316385984,0.051506688222391066,-0.3020005226135254,0.3159799873828888,-0.1231507807970047,-0.08466843515634537,4.9352033784089144e-06,0.08478068560361862,0.1232461929321289,0.0015842914581298828
refine.1,1.4100525731919333e-05,0.0026529019232839346,0.05150642603873748,-0.3019990026950836,0.31597837805747986,-0.12315015494823456,-0.08466800302267075,4.935178367304616e-06,0.084780253469944,0.12324556708335876,0.0015842914581298828
refine.2,0.020304374396800995,0.0009153687860816717,0.030255227417450885,0.0,0.31597837805747986,0.0,0.0,4.935178367304616e-06,0.084780253469944,0.12324556708335876,0.5007576942443848
refine.3,0.0012512451503425837,0.00041590945329517126,0.020394103395226064,-0.11653520911931992,0.12986522912979126,-0.04532688483595848,-0.03152799978852272,0.0008097874815575778,0.035495124757289886,0.05137095972895622,0.004056096076965332
refine.4,0.0012512386310845613,0.0004159052623435855,0.020394000645866064,-0.11653462052345276,0.12986457347869873,-0.045326653867959976,-0.031527839601039886,0.0008097834070213139,0.03549494594335556,0.05137069895863533,0.004056096076965332
refine.5,0.008696019649505615,0.00016020193288568407,0.012657485251252876,0.0,0.12986457347869873,0.0,0.0,0.0008097834070213139,0.03549494594335556,0.05137069895863533,0.4856990575790405
refine_se.block.avg_pool,0.008696019649505615,4.043859735247679e-05,0.006359921175020709,0.0014447503490373492,0.02288127690553665,0.0016657912638038397,0.0018067288910970092,0.005670992657542229,0.020464051514863968,0.021775444969534874,0.0
refine_se.block.fc.0,-0.0031611714512109756,2.1921653825529575e-08,0.0001786663197850383,-0.003532454604282975,-0.0027027702890336514,-0.0034525131341069937,-0.0033983748871833086,-0.003175830701366067,-0.00291639962233603,-0.002827628515660763,0.0
refine_se.block.fc.1,0.0,0.0,0.0001,0.0,0.0,0.0,0.0,0.0,0.0,0.0,1.0
refine_se.block.fc.2,0.0,0.0,0.0001,0.0,0.0,0.0,0.0,0.0,0.0,0.0,1.0
refine_se.block.fc.3,0.5,0.0,0.0001,0.5,0.5,0.5,0.5,0.5,0.5,0.5,0.0
refine_out.0,0.00955435261130333,0.00014477907097898424,0.012032833040435,-0.03913059085607529,0.07422665506601334,-0.01677100360393524,-0.009766452014446259,0.009303760714828968,0.02976725809276104,0.038408707827329636,0.005035400390625
refine_out.1,0.009552599862217903,0.0001447073300369084,0.012029851621566593,-0.03911063075065613,0.0740906372666359,-0.01676943153142929,-0.009766140952706337,0.009303492493927479,0.029758470132946968,0.03838983178138733,0.005035400390625
encoder_conv.block.0,-0.0007312437519431114,0.02619260363280773,0.16184132238957927,-0.8353760838508606,0.8456159234046936,-0.4023306667804718,-0.2790891230106354,-0.00029597635148093104,0.27390483021736145,0.3959631323814392,0.0005464553833007812
encoder_conv.block.1,-0.000731240026652813,0.02619234099984169,0.16184051099722124,-0.8353718519210815,0.8456116318702698,-0.40232864022254944,-0.27908772230148315,-0.0002959748380817473,0.27390342950820923,0.39596113562583923,0.0005464553833007812
encoder_conv.block.2,0.062178127467632294,0.009064221754670143,0.0952062590099524,0.0,0.8456116318702698,0.0,0.0,0.0,0.27390342950820923,0.39596113562583923,0.5010719299316406
encoder_se.block.avg_pool,0.06329464912414551,0.0007962025701999664,0.028217238883348712,0.0023965644650161266,0.13741183280944824,0.013384797610342503,0.027924440801143646,0.06400588899850845,0.10778515040874481,0.12185770273208618,0.0
encoder_se.block.fc.0,-0.027245309203863144,2.2391770471585914e-05,0.00473305086298319,-0.042941268533468246,-0.017288299277424812,-0.04050328582525253,-0.03501785546541214,-0.026186835020780563,-0.02037729136645794,-0.01895827427506447,0.0
encoder_se.block.fc.1,0.0,0.0,0.0001,0.0,0.0,0.0,0.0,0.0,0.0,0.0,1.0
encoder_se.block.fc.2,0.0,0.0,0.0001,-0.0,-0.0,0.0,0.0,0.0,0.0,0.0,1.0
encoder_se.block.fc.3,0.5,0.0,0.0001,0.5,0.5,0.5,0.5,0.5,0.5,0.5,0.0
encoder_fc,-0.0005970752681605518,0.02474166825413704,0.1572948767574362,-0.6795548796653748,0.7489337921142578,-0.36601522564888,-0.2591969966888428,-0.0007307445630431175,0.25870755314826965,0.36506831645965576,0.00055694580078125
decoder_fc,5.16953514306806e-05,0.008336322382092476,0.09130351790644474,-0.4729324281215668,0.42875024676322937,-0.21329142153263092,-0.15005730092525482,0.00018021813593804836,0.15009364485740662,0.21314579248428345,0.0008687973022460938
refine.0,6.590807970496826e-06,0.002754711313173175,0.052485439058592,-0.3102981150150299,0.3100111782550812,-0.12559358775615692,-0.08631797134876251,-9.429095371160656e-06,0.08633623272180557,0.12572255730628967,0.0015499591827392578
refine.1,6.590775228687562e-06,0.0027546831406652927,0.05248517067387028,-0.31029653549194336,0.31000959873199463,-0.12559294700622559,-0.0863175317645073,-9.42904625844676e-06,0.08633579313755035,0.12572191655635834,0.0015499591827392578
refine.2,0.020679477602243423,0.0009503568871878088,0.030828021136424064,0.0,0.31000959873199463,0.0,0.0,0.0,0.08633579313755035,0.12572191655635834,0.5008509159088135
refine.3,0.001270208042114973,0.00043184906826354563,0.020781219123611243,-0.1263248324394226,0.12758292257785797,-0.04623889923095703,-0.03210017457604408,0.0008260608301497996,0.03619331493973732,0.05236498638987541,0.003932356834411621
refine.4,0.0012702015228569508,0.00043184467358514667,0.02078111338656201,-0.12632419168949127,0.12758228182792664,-0.04623866453766823,-0.03210001066327095,0.0008260566391982138,0.036193132400512695,0.05236472189426422,0.003932356834411621
refine.5,0.008856242522597313,0.00016637350199744105,0.012898972904748698,0.0,0.12758228182792664,0.0,0.0,0.0008260566391982138,0.036193132400512695,0.05236472189426422,0.48566150665283203
refine_se.block.avg_pool,0.008856242522597313,4.2077670514117926e-05,0.006487501099353889,0.0015208286931738257,0.024033892899751663,0.001700010383501649,0.0018337871879339218,0.005791035480797291,0.020787332206964493,0.02228572778403759,0.0
refine_se.block.fc.0,-0.0032217332627624273,3.164797135468689e-08,0.00020407834611905028,-0.003720593173056841,-0.0026393334846943617,-0.00361032597720623,-0.003477933816611767,-0.003223987063392997,-0.0029413183219730854,-0.002720932476222515,0.0
refine_se.block.fc.1,0.0,0.0,0.0001,0.0,0.0,0.0,0.0,0.0,0.0,0.0,1.0
refine_se.block.fc.2,0.0,0.0,0.0001,0.0,0.0,0.0,0.0,0.0,0.0,0.0,1.0
refine_se.block.fc.3,0.5,0.0,0.0001,0.5,0.5,0.5,0.5,0.5,0.5,0.5,0.0
refine_out.0,0.009738080203533173,0.00015049413195811212,0.01226801255126975,-0.04518141970038414,0.08025723695755005,-0.017069457098841667,-0.009926109574735165,0.00946076214313507,0.030378470197319984,0.039193637669086456,0.0048694610595703125
refine_out.1,0.00973622314631939,0.00015041627921164036,0.012264839143325133,-0.04515070095658302,0.08008536696434021,-0.01706779934465885,-0.00992578361183405,0.009460479952394962,0.03036912903189659,0.03917358070611954,0.0048694610595703125
encoder_conv.block.0,-0.0008084207074716687,0.02675921469926834,0.16358247063566542,-0.824721097946167,0.8160834312438965,-0.40073949098587036,-0.2842671573162079,-0.0006674580508843064,0.281093955039978,0.3952839970588684,0.0004787445068359375
encoder_conv.block.1,-0.000808416458312422,0.026758944615721703,0.16358164510641682,-0.8247169256210327,0.816079318523407,-0.400737464427948,-0.2842657268047333,-0.0006674546748399734,0.2810925245285034,0.39528200030326843,0.0004787445068359375
encoder_conv.block.2,0.06320672482252121,0.009224368259310722,0.09604362685420997,0.0,0.816079318523407,0.0,0.0,0.0,0.2810925245285034,0.39528200030326843,0.5018978118896484
encoder_se.block.avg_pool,0.06428200006484985,0.0008153629605658352,0.028554736219510685,0.0027019744738936424,0.13399046659469604,0.01860210858285427,0.026013284921646118,0.06694178283214569,0.10957156121730804,0.11972303688526154,0.0
encoder_se.block.fc.0,-0.027875440195202827,2.2717626052326523e-05,0.004767350003128208,-0.04148703068494797,-0.01969081535935402,-0.03911591321229935,-0.0361555740237236,-0.02639976143836975,-0.0218417439609766,-0.019972221925854683,0.0
encoder_se.block.fc.1,0.0,0.0,0.0001,0.0,0.0,0.0,0.0,0.0,0.0,0.0,1.0
encoder_se.block.fc.2,0.0,0.0,0.0001,-0.0,-0.0,0.0,0.0,0.0,0.0,0.0,1.0
encoder_se.block.fc.3,0.5,0.0,0.0001,0.5,0.5,0.5,0.5,0.5,0.5,0.5,0.0
encoder_fc,-0.0010909894481301308,0.0241599902510643,0.15543487462942254,-0.6959887742996216,0.7748855948448181,-0.3651157021522522,-0.25660526752471924,-0.0012501729652285576,0.25492560863494873,0.36001670360565186,0.000476837158203125
decoder_fc,1.5478737623197958e-05,0.008149667643010616,0.09027556503844557,-0.42325684428215027,0.4758281111717224,-0.21012750267982483,-0.14853015542030334,-1.4323508366942406e-05,0.14862969517707825,0.21077382564544678,0.0008831024169921875
refine.0,9.793460776563734e-06,0.002694439608603716,0.05190808808464935,-0.3095089793205261,0.31922098994255066,-0.12405798584222794,-0.08531802147626877,1.2176418749731965e-05,0.0853419080376625,0.12431473284959793,0.0016126632690429688
refine.1,9.793415301828645e-06,0.0026944121345877647,0.05190782344298174,-0.3095073997974396,0.3192193806171417,-0.1240573599934578,-0.08531758934259415,1.2176356904092245e-05,0.08534147590398788,0.12431409955024719,0.0016126632690429688
refine.2,0.020455284044146538,0.0009293234325014055,0.0304849706003041,0.0,0.3192193806171417,0.0,0.0,1.2176356904092245e-05,0.08534147590398788,0.12431409955024719,0.5007004737854004
refine.3,0.0012577392626553774,0.00042194960406050086,0.020541655338859644,-0.11135147511959076,0.12026172876358032,-0.045696716755628586,-0.03174944967031479,0.0008176112314686179,0.03576064482331276,0.05172854661941528,0.003977179527282715
refine.4,0.001257732859812677,0.0004219453549012542,0.020541551910730947,-0.1113509088754654,0.12026111781597137,-0.04569648578763008,-0.031749289482831955,0.000817607156932354,0.035760462284088135,0.05172828584909439,0.003977179527282715
refine.5,0.008757531642913818,0.00016245266306214035,0.012746084224660543,0.0,0.12026111781597137,0.0,0.0,0.000817607156932354,0.035760462284088135,0.05172828584909439,0.4856306314468384
refine_se.block.avg_pool,0.008757531642913818,4.111255475436337e-05,0.006412687015157014,0.0015890408540144563,0.023820914328098297,0.0016676735831424594,0.0018158433958888054,0.005856559611856937,0.0205482579767704,0.02210431545972824,0.0
refine_se.block.fc.0,-0.003195502795279026,3.120646852039499e-08,0.00020299376473279908,-0.0037008095532655716,-0.0026452818419784307,-0.003673488274216652,-0.003486379748210311,-0.003182406537234783,-0.0029402959626168013,-0.002819592831656337,0.0
refine_se.block.fc.1,0.0,0.0,0.0001,0.0,0.0,0.0,0.0,0.0,0.0,0.0,1.0
refine_se.block.fc.2,0.0,0.0,0.0001,0.0,0.0,0.0,0.0,0.0,0.0,0.0,1.0
refine_se.block.fc.3,0.5,0.0,0.0001,0.5,0.5,0.5,0.5,0.5,0.5,0.5,0.0
refine_out.0,0.009628738276660442,0.0001467512920498848,0.012114507503397931,-0.04237638786435127,0.07725168764591217,-0.016880644485354424,-0.009785059839487076,0.009356413036584854,0.029981300234794617,0.03872458636760712,0.004975318908691406
refine_out.1,0.009626946412026882,0.00014667728100903332,0.01211145247313605,-0.04235104098916054,0.07709838449954987,-0.016879040747880936,-0.00978474784642458,0.009356139227747917,0.029972318559885025,0.038705237209796906,0.004975318908691406
encoder_conv.block.0,0.0011152169900014997,0.027668999508023262,0.1663400418060043,-0.7911556363105774,0.8431573510169983,-0.4119170904159546,-0.28319206833839417,-0.0008535539964213967,0.2904749810695648,0.4180472791194916,0.0005197525024414062
encoder_conv.block.1,0.0011152110528200865,0.027668720111250877,0.16633920196769875,-0.7911516427993774,0.8431530594825745,-0.41191500425338745,-0.28319063782691956,-0.0008535496890544891,0.2904735207557678,0.41804516315460205,0.0005197525024414062
encoder_conv.block.2,0.06456868350505829,0.009966016747057438,0.09982998921695543,0.0,0.8431530594825745,0.0,0.0,0.0,0.2904735207557678,0.41804516315460205,0.5023994445800781
encoder_se.block.avg_pool,0.06401433050632477,0.000901581603102386,0.030026515000951843,-0.002524064853787422,0.1340479850769043,-0.0009190798737108707,0.026985596865415573,0.06685223430395126,0.11373818665742874,0.12909702956676483,0.0
encoder_se.block.fc.0,-0.027025220915675163,3.761796688195318e-05,0.006134163910587423,-0.04154539108276367,-0.0035821879282593727,-0.041332706809043884,-0.036595381796360016,-0.02606789395213127,-0.019918741658329964,-0.012992928735911846,0.0
encoder_se.block.fc.1,0.0,0.0,0.0001,0.0,0.0,0.0,0.0,0.0,0.0,0.0,1.0
encoder_se.block.fc.2,0.0,0.0,0.0001,-0.0,-0.0,0.0,0.0,0.0,0.0,0.0,1.0
encoder_se.block.fc.3,0.5,0.0,0.0001,0.5,0.5,0.5,0.5,0.5,0.5,0.5,0.0
encoder_fc,-0.001020224066451192,0.024174677208065987,0.1554821121803598,-0.7255649566650391,0.7206020355224609,-0.3642629086971283,-0.25734493136405945,-0.0012416669633239508,0.2554031312465668,0.3600568473339081,0.00051116943359375
decoder_fc,-4.1402974602533504e-05,0.008146433159708977,0.09025764876014097,-0.41666340827941895,0.45332571864128113,-0.21101200580596924,-0.14863917231559753,2.130400389432907e-05,0.14822998642921448,0.21164467930793762,0.0009021759033203125
refine.0,1.0145420674234629e-05,0.0026916961651295424,0.0518816553815464,-0.28611958026885986,0.29950785636901855,-0.12435746937990189,-0.08533305674791336,-4.510898179432843e-06,0.08538725972175598,0.1243566945195198,0.0016186237335205078
refine.1,1.0145371561520733e-05,0.002691668923944235,0.051881392848922576,-0.28611811995506287,0.2995063364505768,-0.12435683608055115,-0.08533262461423874,-4.5108754420652986e-06,0.08538682758808136,0.12435606122016907,0.0016186237335205078
refine.2,0.02042984962463379,0.0009289048030041158,0.030478103664829868,0.0,0.2995063364505768,0.0,0.0,0.0,0.08538682758808136,0.12435606122016907,0.5008294582366943
refine.3,0.0012527380604296923,0.0004217186651658267,0.020536033335720575,-0.10347011685371399,0.1309574991464615,-0.04577294737100601,-0.03175896778702736,0.0008166776970028877,0.035762395709753036,0.051823973655700684,0.0040247440338134766
refine.4,0.00125273154117167,0.00042171441600658,0.020535929879276955,-0.1034695953130722,0.13095682859420776,-0.04577271640300751,-0.031758807599544525,0.000816673506051302,0.03576221317052841,0.05182371288537979,0.0040247440338134766
refine.5,0.008744621649384499,0.00016250822227448225,0.01274826350035495,0.0,0.13095682859420776,0.0,0.0,0.000816673506051302,0.03576221317052841,0.05182371288537979,0.48563849925994873
refine_se.block.avg_pool,0.008744621649384499,4.119854929740541e-05,0.006419388545446163,0.0011662095785140991,0.024090364575386047,0.0016927695833146572,0.0018195549491792917,0.005318661220371723,0.020671742036938667,0.021989939734339714,0.0
refine_se.block.fc.0,-0.0031793531961739063,4.8608104208369696e-08,0.0002420911072476015,-0.003734637051820755,-0.0019399889279156923,-0.003518866142258048,-0.0034778453409671783,-0.0032032933086156845,-0.00291769253090024,-0.002243778668344021,0.0
refine_se.block.fc.1,0.0,0.0,0.0001,0.0,0.0,0.0,0.0,0.0,0.0,0.0,1.0
refine_se.block.fc.2,0.0,0.0,0.0001,0.0,0.0,0.0,0.0,0.0,0.0,0.0,1.0
refine_se.block.fc.3,0.5,0.0,0.0001,0.5,0.5,0.5,0.5,0.5,0.5,0.5,0.0
refine_out.0,0.009604166261851788,0.00014714371354784817,0.01213069303658485,-0.0429234616458416,0.07631737738847733,-0.01686966046690941,-0.009787067770957947,0.009315247647464275,0.03000219538807869,0.03884883224964142,0.005100250244140625
refine_out.1,0.009602371603250504,0.00014706903311889619,0.012127614485911736,-0.042897120118141174,0.07616955786943436,-0.01686806231737137,-0.009786754846572876,0.009314978495240211,0.029993196949362755,0.03882930055260658,0.005100250244140625
encoder_conv.block.0,-0.0003772594500333071,0.02587754838168621,0.16086503156897156,-0.7689986824989319,0.7682996988296509,-0.4013511538505554,-0.2759920358657837,-0.00022371794329956174,0.2768152952194214,0.40015318989753723,0.0005168914794921875
encoder_conv.block.1,-0.00037725758738815784,0.02587728761136532,0.16086422104173856,-0.7689948081970215,0.7682958245277405,-0.40134912729263306,-0.27599066495895386,-0.00022371680825017393,0.2768138647079468,0.40015116333961487,0.0005168914794921875
encoder_conv.block.2,0.061725255101919174,0.009094341658055782,0.09536431019021625,0.0,0.7682958245277405,0.0,0.0,0.0,0.2768138647079468,0.40015116333961487,0.5008544921875
encoder_se.block.avg_pool,0.06237398087978363,0.0007759284344501793,0.027855671495230185,0.008212657645344734,0.12379740178585052,0.011008994653820992,0.02694879099726677,0.06271080672740936,0.10486997663974762,0.11428932845592499,0.0
encoder_se.block.fc.0,-0.026886701583862305,2.1504763935809024e-05,0.004638401010672646,-0.03884255886077881,-0.014847754500806332,-0.03698110207915306,-0.03490916267037392,-0.026559311896562576,-0.020795736461877823,-0.016642821952700615,0.0
encoder_se.block.fc.1,0.0,0.0,0.0001,0.0,0.0,0.0,0.0,0.0,0.0,0.0,1.0
encoder_se.block.fc.2,0.0,0.0,0.0001,-0.0,-0.0,0.0,0.0,0.0,0.0,0.0,1.0
encoder_se.block.fc.3,0.5,0.0,0.0001,0.5,0.5,0.5,0.5,0.5,0.5,0.5,0.0
encoder_fc,-0.0014245309866964817,0.024428406730294228,0.15629592678727822,-0.7261067628860474,0.7136365175247192,-0.3655407130718231,-0.2580292224884033,-0.0016359584406018257,0.2563813626766205,0.36522752046585083,0.000492095947265625
decoder_fc,2.5700286641949788e-05,0.008205197751522064,0.09058260181470867,-0.42297184467315674,0.4608069956302643,-0.21103955805301666,-0.14902304112911224,-5.545048043131828e-05,0.14908716082572937,0.21182194352149963,0.000850677490234375
refine.0,1.1100899428129196e-05,0.002712688408792019,0.052083571390526,-0.3093208372592926,0.2851031422615051,-0.12476976215839386,-0.08565753698348999,3.0782473913859576e-05,0.08564548939466476,0.12478204816579819,0.0015940666198730469
refine.1,1.110084485844709e-05,0.0027126609347760677,0.05208330764051058,-0.30931925773620605,0.2851017117500305,-0.12476912885904312,-0.08565710484981537,3.0782313842792064e-05,0.08564505726099014,0.12478141486644745,0.0015940666198730469
refine.2,0.02051001787185669,0.000935962307266891,0.03059366449556004,0.0,0.2851017117500305,0.0,0.0,3.0782313842792064e-05,0.08564505726099014,0.12478141486644745,0.5005548000335693
refine.3,0.001261285156942904,0.00042498097172938287,0.020615309159199697,-0.10581724345684052,0.12622663378715515,-0.04588757082819939,-0.031850505620241165,0.0008196281269192696,0.0358782634139061,0.05194662883877754,0.003950715065002441
refine.4,0.0012612787541002035,0.00042497669346630573,0.020615205394715466,-0.10581670701503754,0.12622599303722382,-0.04588733986020088,-0.03185034543275833,0.0008196239359676838,0.03587808087468147,0.05194636434316635,0.003950834274291992
refine.5,0.008784715086221695,0.00016373030666727573,0.012796105136613865,0.0,0.12622599303722382,0.0,0.0,0.0008196239359676838,0.03587808087468147,0.05194636434316635,0.48570311069488525
refine_se.block.avg_pool,0.008784715086221695,4.153771078563295e-05,0.006445751374792,0.001542976824566722,0.02454272098839283,0.0016992699820548296,0.0018084918847307563,0.005977309308946133,0.020666543394327164,0.022371428087353706,0.0
refine_se.block.fc.0,-0.0031996658071875572,3.645082102821107e-08,0.0002155245253520143,-0.0037943481002002954,-0.002732491120696068,-0.0036497453693300486,-0.0035255560651421547,-0.0031973114237189293,-0.0028973568696528673,-0.0027681717183440924,0.0
refine_se.block.fc.1,0.0,0.0,0.0001,0.0,0.0,0.0,0.0,0.0,0.0,0.0,1.0
refine_se.block.fc.2,0.0,0.0,0.0001,0.0,0.0,0.0,0.0,0.0,0.0,0.0,1.0
refine_se.block.fc.3,0.5,0.0,0.0001,0.5,0.5,0.5,0.5,0.5,0.5,0.5,0.0
refine_out.0,0.009659169241786003,0.00014807666593696922,0.012169086487364991,-0.043281231075525284,0.07353521138429642,-0.01696360856294632,-0.009869622997939587,0.009398110210895538,0.03011322021484375,0.038947463035583496,0.004961967468261719
refine_out.1,0.009657355025410652,0.00014800106873735785,0.012165979974394083,-0.04325422644615173,0.07340295612812042,-0.01696198061108589,-0.009869302622973919,0.009397832676768303,0.030104119330644608,0.03892778232693672,0.004961967468261719
encoder_conv.block.0,-0.00021662673680111766,0.026649808511137962,0.16324772130458043,-0.7848471403121948,0.7896221280097961,-0.40642762184143066,-0.28160881996154785,0.0005694325664080679,0.27571922540664673,0.4014750123023987,0.0005283355712890625
encoder_conv.block.1,-0.00021662574727088213,0.026649536564946175,0.16324688837753135,-0.7848431468009949,0.7896181344985962,-0.4064255356788635,-0.28160738945007324,0.0005694296560250223,0.2757177948951721,0.4014729857444763,0.0005283355712890625
encoder_conv.block.2,0.06308287382125854,0.009198463521897793,0.09590867281897812,0.0,0.7896181344985962,0.0,0.0,0.0005694296560250223,0.2757177948951721,0.4014729857444763,0.49886035919189453
encoder_se.block.avg_pool,0.06309577822685242,0.0008950009359978139,0.029916733377790664,-0.007971573621034622,0.1291067749261856,-0.0014147864421829581,0.018804414197802544,0.06023166701197624,0.10718762874603271,0.12236104905605316,0.0
encoder_se.block.fc.0,-0.02763843908905983,2.6004210667451844e-05,0.005100412793828736,-0.040527764707803726,-0.013020595535635948,-0.03956833854317665,-0.03641675412654877,-0.026996731758117676,-0.020722929388284683,-0.016498200595378876,0.0
encoder_se.block.fc.1,0.0,0.0,0.0001,0.0,0.0,0.0,0.0,0.0,0.0,0.0,1.0
encoder_se.block.fc.2,0.0,0.0,0.0001,-0.0,-0.0,0.0,0.0,0.0,0.0,0.0,1.0
encoder_se.block.fc.3,0.5,0.0,0.0001,0.5,0.5,0.5,0.5,0.5,0.5,0.5,0.0
encoder_fc,-0.0015970467356964946,0.024386275559663773,0.15616108849410526,-0.7301570177078247,0.7732714414596558,-0.36523643136024475,-0.2582719624042511,-0.001401023706421256,0.2549637258052826,0.36116206645965576,0.000507354736328125
decoder_fc,0.00010275375097990036,0.008212742395699024,0.09062423735237182,-0.41262224316596985,0.4179733693599701,-0.2113083302974701,-0.1489708572626114,0.00018354691565036774,0.1491761952638626,0.21136440336704254,0.000865936279296875
refine.0,7.139517038012855e-06,0.0027130336966365576,0.052086886033209524,-0.2878631055355072,0.28387707471847534,-0.12441049516201019,-0.08564925193786621,-3.3207645174115896e-05,0.08568640798330307,0.12451278418302536,0.0015735626220703125
refine.1,7.139484296203591e-06,0.00271300645545125,0.05208662453501139,-0.2878616452217102,0.28387564420700073,-0.12440986186265945,-0.08564881980419159,-3.320747782709077e-05,0.08568597584962845,0.12451215088367462,0.0015735626220703125
refine.2,0.02053428813815117,0.0009357049129903316,0.030589457546519712,0.0,0.28387564420700073,0.0,0.0,0.0,0.08568597584962845,0.12451215088367462,0.5010504722595215
refine.3,0.0012630855198949575,0.00042531322105787694,0.020623365900305335,-0.10763972997665405,0.12570424377918243,-0.045828916132450104,-0.03188912570476532,0.0008213237742893398,0.03590760380029678,0.051888804882764816,0.00399327278137207
refine.4,0.0012630787678062916,0.0004253089427947998,0.020623262176358032,-0.10763918608427048,0.1257036030292511,-0.0458286851644516,-0.031888965517282486,0.0008213196415454149,0.03590741753578186,0.051888540387153625,0.003993391990661621
refine.5,0.008794685825705528,0.00016375287668779492,0.01279698701600478,0.0,0.1257036030292511,0.0,0.0,0.0008213196415454149,0.03590741753578186,0.051888540387153625,0.48564815521240234
refine_se.block.avg_pool,0.008794685825705528,4.141821409575641e-05,0.00643647528510414,0.0015876640100032091,0.0232179444283247,0.0016941375797614455,0.0018116437131538987,0.005964888725429773,0.020722342655062675,0.022006945684552193,0.0
refine_se.block.fc.0,-0.0032010411377996206,2.1507052139213556e-08,0.00017750225953269878,-0.003618560964241624,-0.002842643763870001,-0.0035467888228595257,-0.0034379507414996624,-0.0032008816488087177,-0.002973940223455429,-0.0028685112483799458,0.0
refine_se.block.fc.1,0.0,0.0,0.0001,0.0,0.0,0.0,0.0,0.0,0.0,0.0,1.0
refine_se.block.fc.2,0.0,0.0,0.0001,0.0,0.0,0.0,0.0,0.0,0.0,0.0,1.0
refine_se.block.fc.3,0.5,0.0,0.0001,0.5,0.5,0.5,0.5,0.5,0.5,0.5,0.0
refine_out.0,0.00966431200504303,0.00014796966570429504,0.0121646892974829,-0.04568387195467949,0.07015529274940491,-0.016973372548818588,-0.009854639880359173,0.009390214458107948,0.03012031316757202,0.03880834951996803,0.004948616027832031
refine_out.1,0.009662501513957977,0.00014789473789278418,0.012161609181879847,-0.0456521175801754,0.07004042714834213,-0.01697174459695816,-0.00985432043671608,0.009389938786625862,0.03011120855808258,0.03878887742757797,0.004948616027832031
encoder_conv.block.0,-0.00030106768826954067,0.02554091066122055,0.15981527042564034,-0.767120361328125,0.7685168981552124,-0.3996429145336151,-0.278144508600235,0.0018325422424823046,0.27105146646499634,0.39377352595329285,0.0005350112915039062
encoder_conv.block.1,-0.0003010663785971701,0.025540653616189957,0.159814466229406,-0.7671164870262146,0.768513023853302,-0.39964088797569275,-0.27814310789108276,0.0018325329292565584,0.2710500955581665,0.39377152919769287,0.0005350112915039062
encoder_conv.block.2,0.061507970094680786,0.008761279284954071,0.09360175898429511,0.0,0.768513023853302,0.0,0.0,0.0018325329292565584,0.2710500955581665,0.39377152919769287,0.4952707290649414
encoder_se.block.avg_pool,0.06053483486175537,0.0012100283056497574,0.034785604862496745,-0.10183067619800568,0.13907170295715332,-0.029881324619054794,0.019595785066485405,0.06603177636861801,0.11114126443862915,0.13492591679096222,0.0
encoder_se.block.fc.0,-0.027504071593284607,3.4387572668492794e-05,0.005864944387502135,-0.04542936384677887,-0.0138325784355402,-0.043675828725099564,-0.03974107652902603,-0.025296231731772423,-0.021696150302886963,-0.01720946654677391,0.0
encoder_se.block.fc.1,0.0,0.0,0.0001,0.0,0.0,0.0,0.0,0.0,0.0,0.0,1.0
encoder_se.block.fc.2,0.0,0.0,0.0001,-0.0,-0.0,0.0,0.0,0.0,0.0,0.0,1.0
encoder_se.block.fc.3,0.5,0.0,0.0001,0.5,0.5,0.5,0.5,0.5,0.5,0.5,0.0
encoder_fc,-0.0012012870283797383,0.02420038916170597,0.15556477481006417,-0.7719442844390869,0.7585833072662354,-0.3664111793041229,-0.25676435232162476,-0.0012160722399130464,0.2544595003128052,0.3604312837123871,0.000492095947265625
decoder_fc,5.519941623788327e-07,0.008174064569175243,0.0904105888111301,-0.44855397939682007,0.4597059190273285,-0.210810124874115,-0.14875710010528564,-3.539165481925011e-05,0.14882467687129974,0.210769385099411,0.0009088516235351562
refine.0,7.750535587547347e-06,0.002698283875361085,0.05194510444075635,-0.3165465295314789,0.32103219628334045,-0.12415961176156998,-0.08542004972696304,-1.2295076885493472e-05,0.08544807136058807,0.1244211196899414,0.001615762710571289
refine.1,7.750486474833451e-06,0.0026982566341757774,0.05194484222880821,-0.31654492020606995,0.32103055715560913,-0.12415898591279984,-0.08541961759328842,-1.229501413035905e-05,0.08544763922691345,0.12442048639059067,0.001615762710571289
refine.2,0.020466871559619904,0.0009312964975833893,0.030517314717769473,0.0,0.32103055715560913,0.0,0.0,0.0,0.08544763922691345,0.12442048639059067,0.5009152889251709
refine.3,0.001257303636521101,0.0004227269964758307,0.020560568972570546,-0.09862098842859268,0.15094028413295746,-0.045708365738391876,-0.03178871423006058,0.0008026727009564638,0.035802677273750305,0.05177319049835205,0.0040285587310791016
refine.4,0.0012572971172630787,0.000422722747316584,0.020560465639585693,-0.09862048923969269,0.15093952417373657,-0.04570813477039337,-0.031788554042577744,0.0008026686264201999,0.03580249100923538,0.05177292972803116,0.0040285587310791016
refine.5,0.008762478828430176,0.0001628734898986295,0.012762581631418836,0.0,0.15093952417373657,0.0,0.0,0.0008026686264201999,0.03580249100923538,0.05177292972803116,0.48592841625213623
refine_se.block.avg_pool,0.008762478828430176,4.1219314880436286e-05,0.006421005753029372,0.0013950496213510633,0.023322034627199173,0.0016539298230782151,0.0018276715418323874,0.005642583593726158,0.020650876685976982,0.022019797936081886,0.0
refine_se.block.fc.0,-0.003185519017279148,3.1304644210194965e-08,0.0002032354403400031,-0.00360591197386384,-0.0025374875403940678,-0.0035416337195783854,-0.003430940443649888,-0.0031892077531665564,-0.0029077911749482155,-0.0026287257205694914,0.0
refine_se.block.fc.1,0.0,0.0,0.0001,0.0,0.0,0.0,0.0,0.0,0.0,0.0,1.0
refine_se.block.fc.2,0.0,0.0,0.0001,0.0,0.0,0.0,0.0,0.0,0.0,0.0,1.0
refine_se.block.fc.3,0.5,0.0,0.0001,0.5,0.5,0.5,0.5,0.5,0.5,0.5,0.0
refine_out.0,0.009626368060708046,0.00014729630493093282,0.012136980882037048,-0.041807953268289566,0.06852906942367554,-0.016931671649217606,-0.009840773418545723,0.009353222325444221,0.030047167092561722,0.03881264477968216,0.004899024963378906
refine_out.1,0.009624571539461613,0.00014722193009220064,0.012133916519088165,-0.041783612221479416,0.06842199712991714,-0.016930054873228073,-0.009840454906225204,0.009352948516607285,0.030038127675652504,0.0387931689620018,0.004899024963378906
encoder_conv.block.0,0.00016030494589358568,0.02734178490936756,0.16535354519745732,-0.7583885788917542,0.7821286916732788,-0.40731048583984375,-0.28632304072380066,-2.385224070167169e-05,0.28569695353507996,0.40277940034866333,0.0005035400390625
encoder_conv.block.1,0.00016030430560931563,0.027341507375240326,0.1653527059810039,-0.7583847641944885,0.7821247577667236,-0.407308429479599,-0.28632158041000366,-2.3852118829381652e-05,0.28569549322128296,0.40277737379074097,0.0005035400390625
encoder_conv.block.2,0.06416091322898865,0.00953609962016344,0.097653006201363,0.0,0.7821247577667236,0.0,0.0,0.0,0.28569549322128296,0.40277737379074097,0.5003118515014648
encoder_se.block.avg_pool,0.06406246870756149,0.0014423314714804292,0.03797817098650788,-0.11570349335670471,0.22771453857421875,-0.010192240588366985,0.019814228639006615,0.06623292714357376,0.11641435325145721,0.1632278710603714,0.0
encoder_se.block.fc.0,-0.027590172365307808,6.055673293303698e-05,0.007782463166185689,-0.05258679762482643,0.007474272046238184,-0.04876602441072464,-0.03782116621732712,-0.02614774741232395,-0.02078017219901085,-0.008287237025797367,0.0
encoder_se.block.fc.1,0.00011678550072247162,8.592477911406604e-07,0.0009323345918395715,0.0,0.007474272046238184,0.0,0.0,0.0,0.0,0.0027654727455228567,0.984375
encoder_se.block.fc.2,-5.342337681213394e-05,4.3400731897236255e-07,0.0006663387419116215,-0.007452569901943207,0.00061437749536708,0.0,0.0,0.0,0.0,0.0,0.984375
encoder_se.block.fc.3,0.4999866485595703,2.7127091684064908e-08,0.00019268391651631152,0.49813681840896606,0.5001536011695862,0.5,0.5,0.5,0.5,0.5,0.0
encoder_fc,-0.0012952706310898066,0.02384011447429657,0.1544024756093521,-0.6904904842376709,0.7750968933105469,-0.3603796362876892,-0.255357027053833,-0.0013794007245451212,0.25326043367385864,0.35995063185691833,0.00051116943359375
decoder_fc,-6.84853148413822e-05,0.008023887872695923,0.08957621264987665,-0.498506098985672,0.42664992809295654,-0.2092037796974182,-0.14730624854564667,-0.00017874344484880567,0.14737242460250854,0.2088458389043808,0.0009326934814453125
refine.0,7.879616532591172e-06,0.0026516569778323174,0.05149433927950059,-0.2970876693725586,0.32747140526771545,-0.12330112606287003,-0.08470079302787781,-2.6536070436122827e-05,0.08480557799339294,0.12333864718675613,0.0015916824340820312
refine.1,7.8795801528031e-06,0.0026516299694776535,0.05149407703297199,-0.2970861494541168,0.32746973633766174,-0.12330050021409988,-0.08470036089420319,-2.6535935830906965e-05,0.08480514585971832,0.12333802133798599,0.0015916824340820312
refine.2,0.020277101546525955,0.0009158294415101409,0.030262839283684884,0.0,0.32746973633766174,0.0,0.0,0.0,0.08480514585971832,0.12333802133798599,0.5010106563568115
refine.3,0.001248904736712575,0.0004154978087171912,0.0203840086518131,-0.11170214414596558,0.13423840701580048,-0.04536766931414604,-0.031492896378040314,0.000806844444014132,0.035525914281606674,0.05144282057881355,0.004054069519042969
refine.4,0.0012488982174545527,0.000415493588661775,0.020383905137676024,-0.11170157790184021,0.13423772156238556,-0.04536743834614754,-0.03149273619055748,0.0008068403694778681,0.03552573546767235,0.05144255980849266,0.004054069519042969
refine.5,0.00868273340165615,0.00016020498878788203,0.012657605965895843,0.0,0.13423772156238556,0.0,0.0,0.0008068403694778681,0.03552573546767235,0.05144255980849266,0.4857454299926758
refine_se.block.avg_pool,0.00868273340165615,4.051186624565162e-05,0.006365678773363578,0.001214236719533801,0.024794790893793106,0.0016417510341852903,0.001798785524442792,0.005306039936840534,0.02032683789730072,0.02191559411585331,0.0
refine_se.block.fc.0,-0.003155043348670006,4.096155237220955e-08,0.00022574665528465654,-0.0037993949372321367,-0.0022106701508164406,-0.0036148971412330866,-0.0034265622962266207,-0.0031513599678874016,-0.002884895773604512,-0.0024455345701426268,0.0
refine_se.block.fc.1,0.0,0.0,0.0001,0.0,0.0,0.0,0.0,0.0,0.0,0.0,1.0
refine_se.block.fc.2,0.0,0.0,0.0001,0.0,0.0,0.0,0.0,0.0,0.0,0.0,1.0
refine_se.block.fc.3,0.5,0.0,0.0001,0.5,0.5,0.5,0.5,0.5,0.5,0.5,0.0
refine_out.0,0.009540285915136337,0.00014516571536660194,0.012048888553165472,-0.03939204290509224,0.07075462490320206,-0.01679861545562744,-0.009754692204296589,0.00926046073436737,0.029808081686496735,0.038576096296310425,0.005007743835449219
refine_out.1,0.009538528509438038,0.00014509324682876468,0.012045880907130232,-0.03937168046832085,0.0706367939710617,-0.016797035932540894,-0.009754383005201817,0.00926019623875618,0.02979925647377968,0.03855697438120842,0.005007743835449219
encoder_conv.block.0,0.00016577058704569936,0.026862969622015953,0.16389929719805377,-0.8165457844734192,0.7932958006858826,-0.39977461099624634,-0.2793538570404053,-0.0006100812461227179,0.28198695182800293,0.4034724533557892,0.0005054473876953125
encoder_conv.block.1,0.00016577003407292068,0.026862699538469315,0.16389847326460769,-0.8165416717529297,0.7932918071746826,-0.399772584438324,-0.27935245633125305,-0.0006100781611166894,0.2819855213165283,0.40347039699554443,0.0005054473876953125
encoder_conv.block.2,0.0638660341501236,0.009448379278182983,0.09720282546399041,0.0,0.7932918071746826,0.0,0.0,0.0,0.2819855213165283,0.40347039699554443,0.5017986297607422
encoder_se.block.avg_pool,0.06413397192955017,0.0007121435482986271,0.026686205206035332,0.00994126033037901,0.12324653565883636,0.026958158239722252,0.03166652470827103,0.06365954875946045,0.10648877918720245,0.11476816236972809,0.0
encoder_se.block.fc.0,-0.027314838021993637,2.1459789422806352e-05,0.00463355041224398,-0.03833445534110069,-0.014401599764823914,-0.03710854798555374,-0.03404466062784195,-0.027022916823625565,-0.020534785464406013,-0.017698682844638824,0.0
encoder_se.block.fc.1,0.0,0.0,0.0001,0.0,0.0,0.0,0.0,0.0,0.0,0.0,1.0
encoder_se.block.fc.2,0.0,0.0,0.0001,-0.0,-0.0,0.0,0.0,0.0,0.0,0.0,1.0
encoder_se.block.fc.3,0.5,0.0,0.0001,0.5,0.5,0.5,0.5,0.5,0.5,0.5,0.0
encoder_fc,-0.0013469660189002752,0.024018066003918648,0.15497766291926926,-0.6680730581283569,0.8624693155288696,-0.3616829514503479,-0.25603270530700684,-0.0012953728437423706,0.25365662574768066,0.36093300580978394,0.000453948974609375
decoder_fc,-2.8468040909501724e-05,0.008101805113255978,0.09001008339767261,-0.4433766007423401,0.492915540933609,-0.21018488705158234,-0.14792592823505402,7.018912583589554e-05,0.147975355386734,0.20946642756462097,0.0009174346923828125
refine.0,1.832596717576962e-05,0.0026783065404742956,0.051752454439130666,-0.3233562409877777,0.3027050197124481,-0.12372830510139465,-0.08511174470186234,1.6025553122744896e-05,0.08517336845397949,0.12372870743274689,0.0016024112701416016
refine.1,1.832588532124646e-05,0.0026782795321196318,0.05175219350056219,-0.3233546018600464,0.30270349979400635,-0.12372767925262451,-0.08511131256818771,1.6025471268221736e-05,0.08517293632030487,0.12372808158397675,0.0016024112701416016
refine.2,0.020405270159244537,0.0009230633731931448,0.030382122591964256,0.0,0.30270349979400635,0.0,0.0,1.6025471268221736e-05,0.08517293632030487,0.12372808158397675,0.5006639957427979
refine.3,0.0012523530749604106,0.00041917062480933964,0.020473901064754114,-0.10877297073602676,0.1299593597650528,-0.04547923430800438,-0.03165542334318161,0.0008131961803883314,0.03564786911010742,0.05151369795203209,0.004008173942565918
refine.4,0.0012523466721177101,0.0004191663465462625,0.020473796583591,-0.10877241939306259,0.12995870411396027,-0.045479003340005875,-0.031655263155698776,0.0008131920476444066,0.035647690296173096,0.0515134371817112,0.004008293151855469
refine.5,0.008730505593121052,0.00016139440413098782,0.012704503301230938,0.0,0.12995870411396027,0.0,0.0,0.0008131920476444066,0.035647690296173096,0.0515134371817112,0.4856632947921753
refine_se.block.avg_pool,0.008730505593121052,4.083733438164927e-05,0.0063911919374753,0.0015789276221767068,0.02314649522304535,0.001690717414021492,0.001788527355529368,0.005762510001659393,0.020525040104985237,0.021993540227413177,0.0
refine_se.block.fc.0,-0.003172913333401084,2.110734165228223e-08,0.00017637273500255708,-0.003521872451528907,-0.0027511122170835733,-0.003499935381114483,-0.003395242616534233,-0.0031782989390194416,-0.0029447870329022408,-0.002869657939299941,0.0
refine_se.block.fc.1,0.0,0.0,0.0001,0.0,0.0,0.0,0.0,0.0,0.0,0.0,1.0
refine_se.block.fc.2,0.0,0.0,0.0001,0.0,0.0,0.0,0.0,0.0,0.0,0.0,1.0
refine_se.block.fc.3,0.5,0.0,0.0001,0.5,0.5,0.5,0.5,0.5,0.5,0.5,0.0
refine_out.0,0.009591788984835148,0.0001461334468331188,0.012088980388482677,-0.044964905828237534,0.06955284625291824,-0.016840292140841484,-0.00982335489243269,0.009335556998848915,0.029886018484830856,0.038568150252103806,0.0049953460693359375
refine_out.1,0.009590014815330505,0.00014606042532250285,0.012085959842830145,-0.044934626668691635,0.06944090873003006,-0.01683869957923889,-0.009823039174079895,0.009335286915302277,0.029877126216888428,0.038549039512872696,0.0049953460693359375
encoder_conv.block.0,-0.0011303527280688286,0.027723776176571846,0.166504613078953,-0.7840196490287781,0.8041812777519226,-0.41249459981918335,-0.2890457212924957,-0.0020688450895249844,0.2874513566493988,0.4083867371082306,0.0005102157592773438
encoder_conv.block.1,-0.0011303467908874154,0.027723493054509163,0.16650376288393354,-0.7840156555175781,0.8041772246360779,-0.4124925136566162,-0.28904426097869873,-0.0020688348449766636,0.2874498963356018,0.40838468074798584,0.0005102157592773438
encoder_conv.block.2,0.06369661539793015,0.009695759043097496,0.09846709624589067,0.0,0.8041772246360779,0.0,0.0,0.0,0.2874498963356018,0.40838468074798584,0.5055570602416992
encoder_se.block.avg_pool,0.06623920053243637,0.0011174126993864775,0.033427873090977195,-0.004035092890262604,0.22422227263450623,0.01155803631991148,0.02388192154467106,0.06774143129587173,0.11763998866081238,0.1307464987039566,0.0
encoder_se.block.fc.0,-0.02790827676653862,3.0214081562007777e-05,0.005497643273440701,-0.04089104011654854,-0.01726570911705494,-0.040560029447078705,-0.03861838951706886,-0.026457618921995163,-0.02112886682152748,-0.018151922151446342,0.0
encoder_se.block.fc.1,0.0,0.0,0.0001,0.0,0.0,0.0,0.0,0.0,0.0,0.0,1.0
encoder_se.block.fc.2,0.0,0.0,0.0001,-0.0,-0.0,0.0,0.0,0.0,0.0,0.0,1.0
encoder_se.block.fc.3,0.5,0.0,0.0001,0.5,0.5,0.5,0.5,0.5,0.5,0.5,0.0
encoder_fc,-0.0014674864942207932,0.02420891262590885,0.15559216762391626,-0.7534642219543457,0.7298275232315063,-0.3636988401412964,-0.2567422688007355,-0.0016158262733370066,0.25449925661087036,0.3623226583003998,0.000576019287109375
decoder_fc,-2.2558804630534723e-05,0.008170091547071934,0.09038861403446749,-0.4358943998813629,0.4661352038383484,-0.2111378014087677,-0.14860062301158905,8.451985195279121e-06,0.14852264523506165,0.21100465953350067,0.0008993148803710938
refine.0,1.236888965649996e-05,0.002704195911064744,0.05200197987639263,-0.29566439986228943,0.3270927369594574,-0.12451357394456863,-0.08556169271469116,7.759239451843314e-06,0.08559377491474152,0.12459941953420639,0.001584768295288086
refine.1,1.236881325894501e-05,0.002704168437048793,0.05200171571254926,-0.29566290974617004,0.3270910680294037,-0.1245129406452179,-0.08556126058101654,7.759200343571138e-06,0.0855933427810669,0.12459878623485565,0.001584768295288086
refine.2,0.020483292639255524,0.0009336317889392376,0.03055555250587424,0.0,0.3270910680294037,0.0,0.0,7.759200343571138e-06,0.0855933427810669,0.12459878623485565,0.500725269317627
refine.3,0.0012619530316442251,0.00042344664689153433,0.02057806227251571,-0.1168602928519249,0.14138510823249817,-0.0458022877573967,-0.031800709664821625,0.0008216244750656188,0.03582576662302017,0.05190051719546318,0.003981232643127441
refine.4,0.0012619466288015246,0.0004234423686284572,0.02057795832021382,-0.11685970425605774,0.14138439297676086,-0.04580205678939819,-0.03180054947733879,0.000821620284114033,0.03582558035850525,0.05190025269985199,0.003981232643127441
refine.5,0.008769266307353973,0.00016321054135914892,0.012775779481469962,0.0,0.14138439297676086,0.0,0.0,0.000821620284114033,0.03582558035850525,0.05190025269985199,0.4856032133102417
refine_se.block.avg_pool,0.008769266307353973,4.1293344111181796e-05,0.00642676778102195,0.001354370964691043,0.025013979524374008,0.0016555411275476217,0.00181135896127671,0.005660814233124256,0.020493267104029655,0.022141575813293457,0.0
refine_se.block.fc.0,-0.00318118161521852,4.0272333023949614e-08,0.00022421492596156397,-0.003818618366494775,-0.0023365719243884087,-0.0036629207897931337,-0.0034647583961486816,-0.0031834705732762814,-0.0029004050884395838,-0.0025772424414753914,0.0
refine_se.block.fc.1,0.0,0.0,0.0001,0.0,0.0,0.0,0.0,0.0,0.0,0.0,1.0
refine_se.block.fc.2,0.0,0.0,0.0001,0.0,0.0,0.0,0.0,0.0,0.0,0.0,1.0
refine_se.block.fc.3,0.5,0.0,0.0001,0.5,0.5,0.5,0.5,0.5,0.5,0.5,0.0
refine_out.0,0.009633086621761322,0.00014769069093745202,0.01215321730808151,-0.049668826162815094,0.0699789971113205,-0.016945719718933105,-0.009845583699643612,0.009355037473142147,0.03006582334637642,0.0389067605137825,0.005017280578613281
refine_out.1,0.009631281718611717,0.0001476156321587041,0.012150128894736224,-0.04962802305817604,0.06986498832702637,-0.016944099217653275,-0.009845265187323093,0.009354764595627785,0.030056767165660858,0.0388871394097805,0.005017280578613281
encoder_conv.block.0,0.002807027893140912,0.02893916331231594,0.1701151766078381,-0.8455866575241089,0.8042653799057007,-0.398887574672699,-0.2871805429458618,-0.001568912179209292,0.3063323497772217,0.4152793884277344,0.00048065185546875
encoder_conv.block.1,0.002807013690471649,0.028938869014382362,0.1701143116095244,-0.8455823659896851,0.804261326789856,-0.3988855481147766,-0.2871790826320648,-0.0015689042629674077,0.3063308000564575,0.41527730226516724,0.00048065185546875
encoder_conv.block.2,0.06762862950563431,0.010628926567733288,0.10309673403039152,0.0,0.804261326789856,0.0,0.0,0.0,0.3063308000564575,0.41527730226516724,0.5039815902709961
encoder_se.block.avg_pool,0.06437364220619202,0.0019765093456953764,0.04445806277488231,-0.09413252025842667,0.2680601477622986,-0.07992993295192719,0.012968722730875015,0.06118582561612129,0.11527957022190094,0.19079360365867615,0.0
encoder_se.block.fc.0,-0.028446312993764877,3.401800131541677e-05,0.005833352493670923,-0.045546770095825195,-0.015642747282981873,-0.04273388534784317,-0.03679764270782471,-0.02773795835673809,-0.020674241706728935,-0.01692088134586811,0.0
encoder_se.block.fc.1,0.0,0.0,0.0001,0.0,0.0,0.0,0.0,0.0,0.0,0.0,1.0
encoder_se.block.fc.2,0.0,0.0,0.0001,-0.0,-0.0,0.0,0.0,0.0,0.0,0.0,1.0
encoder_se.block.fc.3,0.5,0.0,0.0001,0.5,0.5,0.5,0.5,0.5,0.5,0.5,0.0
encoder_fc,-0.0015784654533490539,0.023753952234983444,0.1541232047259057,-0.7364847660064697,0.8775804042816162,-0.36311572790145874,-0.25528910756111145,-0.0014960197731852531,0.25188034772872925,0.36235281825065613,0.000568389892578125
decoder_fc,-2.4484688765369356e-05,0.008007663302123547,0.08948560388198509,-0.450928658246994,0.47694116830825806,-0.21078790724277496,-0.14754626154899597,-5.77589962631464e-05,0.14703717827796936,0.2098757028579712,0.0008897781372070312
refine.0,1.2258578863111325e-05,0.0026449772994965315,0.0514294400076117,-0.28501105308532715,0.3465321660041809,-0.12385758012533188,-0.08470706641674042,9.182413123198785e-06,0.08465752005577087,0.12394409626722336,0.0016269683837890625
refine.1,1.2258526112418622e-05,0.0026449505239725113,0.051429179693754705,-0.28500962257385254,0.34653040766716003,-0.12385695427656174,-0.0847066342830658,9.182366738968994e-06,0.08465708792209625,0.12394347041845322,0.0016269683837890625
refine.2,0.020186251029372215,0.0009152491693384945,0.030253250558220923,0.0,0.34653040766716003,0.0,0.0,9.182366738968994e-06,0.08465708792209625,0.12394347041845322,0.5007381439208984
refine.3,0.0012371283955872059,0.00041430056444369256,0.020354620223519096,-0.10980219393968582,0.144053116440773,-0.045583173632621765,-0.03150249272584915,0.0007908291881904006,0.03547240048646927,0.05165429785847664,0.004130363464355469
refine.4,0.0012371219927445054,0.0004142963734921068,0.020354517274848518,-0.10980163514614105,0.1440523862838745,-0.04558294266462326,-0.03150233253836632,0.0007908251136541367,0.03547222167253494,0.051654037088155746,0.004130363464355469
refine.5,0.008638263680040836,0.00016018623136915267,0.01265686498976554,0.0,0.1440523862838745,0.0,0.0,0.0007908251136541367,0.03547222167253494,0.051654037088155746,0.4858109951019287
refine_se.block.avg_pool,0.008638264611363411,4.095511030755006e-05,0.0064003992303254065,0.0009429532219655812,0.026203513145446777,0.001635987195186317,0.001778170932084322,0.005335956811904907,0.02061506174504757,0.022269606590270996,0.0
refine_se.block.fc.0,-0.003139774315059185,1.0990967069801627e-07,0.0003462797578519661,-0.004054469522088766,-0.0016630154568701982,-0.0038495829794555902,-0.0035550398752093315,-0.003178355284035206,-0.0027960347943007946,-0.0017141494899988174,0.0
refine_se.block.fc.1,0.0,0.0,0.0001,0.0,0.0,0.0,0.0,0.0,0.0,0.0,1.0
refine_se.block.fc.2,0.0,0.0,0.0001,0.0,0.0,0.0,0.0,0.0,0.0,0.0,1.0
refine_se.block.fc.3,0.5,0.0,0.0001,0.5,0.5,0.5,0.5,0.5,0.5,0.5,0.0
refine_out.0,0.009487992152571678,0.0001448957045795396,0.012037678537805352,-0.04438105225563049,0.07575909793376923,-0.01681429333984852,-0.009720280766487122,0.009122003801167011,0.029871564358472824,0.03877507895231247,0.005135536193847656
refine_out.1,0.009486235678195953,0.00014482229016721249,0.01203462879224833,-0.044351935386657715,0.07561449706554413,-0.016812708228826523,-0.009719974361360073,0.009121750481426716,0.02986268326640129,0.03875565901398659,0.005135536193847656
encoder_conv.block.0,-0.0001256646355614066,0.027377227321267128,0.16546068210081552,-0.8210092782974243,0.7789889574050903,-0.4078564941883087,-0.28674089908599854,0.0015563875203952193,0.28286445140838623,0.406282514333725,0.0004892349243164062
encoder_conv.block.1,-0.00012566347140818834,0.027376947924494743,0.16545983779907059,-0.82100510597229,0.7789850234985352,-0.40785443782806396,-0.28673943877220154,0.001556379604153335,0.2828630208969116,0.4062804579734802,0.0004892349243164062
encoder_conv.block.2,0.0639428049325943,0.009479687549173832,0.09736373836893195,0.0,0.7789850234985352,0.0,0.0,0.001556379604153335,0.2828630208969116,0.4062804579734802,0.49628257751464844
encoder_se.block.avg_pool,0.06345163285732269,0.0013768296921625733,0.03710579054760285,-0.09539167582988739,0.25285768508911133,-0.002709106309339404,0.02526346780359745,0.06168932095170021,0.1032949835062027,0.17752577364444733,0.0
encoder_se.block.fc.0,-0.02833118848502636,7.861833000788465e-05,0.008867261697270734,-0.07965229451656342,-0.016652127727866173,-0.07018660008907318,-0.03336663916707039,-0.026974372565746307,-0.02086764946579933,-0.016985123977065086,0.0
encoder_se.block.fc.1,0.0,0.0,0.0001,0.0,0.0,0.0,0.0,0.0,0.0,0.0,1.0
encoder_se.block.fc.2,0.0,0.0,0.0001,-0.0,-0.0,0.0,0.0,0.0,0.0,0.0,1.0
encoder_se.block.fc.3,0.5,0.0,0.0001,0.5,0.5,0.5,0.5,0.5,0.5,0.5,0.0
encoder_fc,-0.0009098146110773087,0.0242440328001976,0.15570498643331113,-0.7354370355606079,0.6736248731613159,-0.36275583505630493,-0.257324755191803,-0.0012451057555153966,0.2560332715511322,0.3644508123397827,0.000518798828125
decoder_fc,1.3093769666738808e-05,0.008161390200257301,0.09034046823133751,-0.4505138099193573,0.43678489327430725,-0.2118176966905594,-0.1485200673341751,6.738351657986641e-05,0.14848262071609497,0.21107830107212067,0.0009002685546875
refine.0,3.1865456548985094e-06,0.0026966228615492582,0.05192911381440336,-0.316702663898468,0.2921622693538666,-0.12435995787382126,-0.08539322018623352,6.872497806398314e-07,0.08543099462985992,0.1244422197341919,0.001621246337890625
refine.1,3.186511094099842e-06,0.0026965956203639507,0.05192885152171142,-0.3167010545730591,0.2921607792377472,-0.12435932457447052,-0.0853927880525589,6.872462563478621e-07,0.0854305624961853,0.12444158643484116,0.001621246337890625
refine.2,0.02044863998889923,0.0009307389263994992,0.030508178024908326,0.0,0.2921607792377472,0.0,0.0,6.872462563478621e-07,0.0854305624961853,0.12444158643484116,0.5007913112640381
refine.3,0.0012573947897180915,0.00042252670391462743,0.020555697602237376,-0.10600113123655319,0.12623783946037292,-0.04580092057585716,-0.03178209066390991,0.0008165078470483422,0.03579658269882202,0.05175710842013359,0.0040242671966552734
refine.4,0.001257388386875391,0.00042252245475538075,0.020555594244764143,-0.10600059479475021,0.1262371987104416,-0.04580068960785866,-0.03178193047642708,0.0008165037143044174,0.0357964001595974,0.0517568476498127,0.0040242671966552734
refine.5,0.008757304400205612,0.00016275918460451066,0.012758102703948995,0.0,0.1262371987104416,0.0,0.0,0.0008165037143044174,0.0357964001595974,0.0517568476498127,0.4856153726577759
refine_se.block.avg_pool,0.008757303468883038,4.120172161492519e-05,0.006419635629451658,0.001307114725932479,0.024329733103513718,0.0016837914008647203,0.001823240309022367,0.005403903778642416,0.020590484142303467,0.02210468240082264,0.0
refine_se.block.fc.0,-0.003184090368449688,4.2961076474057336e-08,0.00023013273664139426,-0.003738861531019211,-0.0022600970696657896,-0.0036621554754674435,-0.003503738669678569,-0.0031820759177207947,-0.0029059164226055145,-0.0024782551918178797,0.0
refine_se.block.fc.1,0.0,0.0,0.0001,0.0,0.0,0.0,0.0,0.0,0.0,0.0,1.0
refine_se.block.fc.2,0.0,0.0,0.0001,0.0,0.0,0.0,0.0,0.0,0.0,0.0,1.0
refine_se.block.fc.3,0.5,0.0,0.0001,0.5,0.5,0.5,0.5,0.5,0.5,0.5,0.0
refine_out.0,0.009619466960430145,0.00014730371185578406,0.01213728601688961,-0.043346647173166275,0.07206646353006363,-0.01689204014837742,-0.009813808836042881,0.009330147877335548,0.030036063864827156,0.038796573877334595,0.004927635192871094
refine_out.1,0.009617668576538563,0.00014722906053066254,0.012134210338158084,-0.043319519609212875,0.07194196432828903,-0.01689043454825878,-0.009813494049012661,0.009329876862466335,0.030027035623788834,0.03877712041139603,0.004927635192871094
